222
1216
1545
3661
3872
4228
4279
4392
5341
6089
7221
7222
8175
8176
8178
8939
10119
10653
11005
11013
11014
11151
11578
11581
14212
14286
14323
14866
15253
15680
15684
15685
15888
16767
16972
17087
17205
18238
18543
18822
18826
19537
19903
20594
21063
21446
22965
28802
29265
29266
30930
31241
32649
33217
34452
34929
36694
37619
38012
42526
46830
47852
47887
47889
52221
52354
53126
53265
53787
54267
54883
55021
57841
60155
60901
62363
63351
63407
66212
67085
67742
67953
69000
69377
69388
69609
70093
70357
70430
70473
71174
73258
73464
75242
77067
77100
78588
78608
78744
78942
78954
81882
84028
84771
88307
90665
91962
93349
96329
97562
102723
103342
103373
103539
104490
106306
106834
110002
110608
111603
112674
112738
113479
115392
115745
115808
118042
120224
120828
121118
123206
124380
124626
124761
124990
126830
130136
130137
136073
137985
139184
139997
142551
143373
143995
144506
145306
145379
146329
146330
150663
151396
151910
151911
154894
155515
158532
158533
158611
159183
160221
160634
163359
163545
164162
164508
164594
165342
165392
166206
167530
168581
169012
169310
169318
170215
170219
170220
170535
170610
170909
172288
172352
172461
173454
174006
174115
174321
174438
176780
178099
179298
179482
182306
182895
183014
185316
185429
185761
186024
186293
191388
191409
193220
194198
194804
196604
197266
197672
197880
198154
198254
198484
198570
199517
199700
200014
200058
200218
200697
202354
203548
204164
204726
206395
207497
209123
209341
209380
209593
209717
210401
212182
212402
213896
219323
220510
221576
221684
225240
228164
228283
231666
234055
234437
236355
237055
237348
237357
239473
240224
240452
265535
267953
271999
275599
277731
289426
290546
291987
292811
292825
293692
299633
300371
300390
300675
301475
301479
301674
301756
301903
302131
302206
304002
304017
305336
307320
307415
308410
308951
309478
309777
310325
310442
310778
310862
311569
312555
312725
312905
314061
314263
315142
315145
316396
316571
316773
316804
318330
319578
322761
322764
322765
325138
325961
326573
327637
327641
327826
328078
329205
330086
332475
333763
333765
334980
335501
335659
335742
338054
338979
342413
343027
345283
345369
347000
350304
350305
350307
350309
351079
352434
352626
352806
353617
353618
359063
360524
361102
363759
364456
366523
369171
369173
369709
373815
374093
375517
376318
376368
377831
378841
378849
379087
379869
381178
381567
383877
386202
392591
393556
396547
398040
398694
399803
400778
401773
403123
405118
405156
405286
405415
407059
407125
408035
408210
410036
411228
411411
411874
413048
413473
413806
414143
414394
414964
415964
415980
416070
416166
416473
419866
423299
426739
428312
432554
437325
440420
442194
447887
448094
448096
448097
451603
458155
463666
464986
467855
478292
479600
483010
483820
486068
487910
490135
490577
494899
495103
499802
500124
504594
506594
506626
507037
508099
508945
508946
508947
509520
510441
510470
514593
516884
519025
525249
528402
535498
537005
537008
539102
539886
541285
541492
543076
543571
549557
550285
552880
556943
558006
560056
560228
561728
562205
562774
563355
564469
564721
565634
565972
567261
567918
568629
570209
571591
572630
574029
574442
575354
578340
578714
578716
579977
581403
583557
591872
592051
594331
597735
598700
602579
605084
606505
607550
608844
608948
609115
611574
612266
612485
614858
615681
617024
621386
624548
625301
625809
627343
627631
630070
630077
630100
630104
631428
632731
633900
636881
648186
648316
656625
659822
659831
665008
667345
667347
667857
669261
674031
674561
678297
680854
684811
687317
691134
695826
695958
697355
702089
704146
705873
708882
708885
711418
718437
719148
719152
719155
719644
720505
720506
720830
722274
723805
723894
727946
728051
728059
729466
733348
735749
736107
736115
736887
738161
741643
742845
743194
744873
744876
746631
747453
748826
749225
751639
751846
753023
758327
765697
765915
766337
767207
768499
769918
773442
775037
775704
776248
776719
778325
780111
782210
782610
782895
786397
788698
790703
790708
790820
790821
799863
799871
799935
800272
804376
804561
805662
806650
807113
807252
807336
808349
809324
811203
811205
811382
811513
812600
814050
814890
816350
817973
818338
819058
819795
820054
820802
821819
822282
822356
823072
823442
824132
824683
824714
827485
828052
828284
828285
828493
830477
830480
830755
831260
833786
833794
834279
834739
837202
837804
838274
842251
843314
843920
844547
848491
848891
848897
849247
851565
851617
853002
858355
862656
863226
863245
863509
864255
868408
869894
869899
870113
870293
872452
872699
877486
877505
878013
880863
882271
882651
884308
884668
886188
889438
890742
891597
893544
893545
893563
893564
893995
901213
902986
903694
904850
907054
909605
910292
912466
914635
918711
920031
921734
921741
927499
929987
930223
932923
933112
934341
934595
936293
938477
939727
940684
941306
943046
943157
943161
943162
943534
944512
944778
945088
945641
948957
949909
950012
953286
953997
956651
958473
959177
959451
960532
960553
962737
962844
965617
965910
969230
971291
971453
972678
973391
973829
976647
979139
979863
981694
981730
982565
982569
983567
983592
985988
986523
990467
992361
993355
993390
993728
996258
1000005
1000368
1001143
1001822
1002621
1008802
1010324
1010325
1010928
1010949
1012085
1012829
1016223
1016711
1020547
1020995
1021573
1021576
1022268
1022309
1022330
1023080
1023085
1023159
1023976
1023977
1024187
1025602
1026868
1026880
1028008
1028452
1030187
1032337
1035017
1035580
1036292
1036293
1052337
1053154
1053267
1053269
1054495
1054672
1055292
1055987
1056177
1056312
1056320
1056321
1056802
1060807
1060815
1061710
1072601
1078584
1078766
1078994
1079029
1079459
1079848
1080161
1080429
1080794
1081942
1081955
1082137
1085176
1085312
1085335
1085336
1085626
1085684
1085915
1086317
1086997
1087320
1087321
1087866
1088230
1088322
1088818
1089709
1090237
1090242
1090244
1090808
1090814
1091865
1092108
1092620
1092790
1092792
1093037
1095087
1095443
1096507
1096978
1097481
1097516
1098322
1098984
1101458
1101764
1107227
1107437
1107543
1108449
1110214
1111353
1111502
1114355
1114356
1115739
1116527
1116977
1118061
1120887
1122209
1124430
1124437
1124797
1125178
1125415
1126618
1127386
1127409
1129860
1131144
1131148
1131398
1131710
1131711
1132679
1133851
1137566
1138405
1140997
1141394
1144418
1144596
1144619
1145051
1145731
1146991
1147291
1149576
1150086
1150347
1150955
1151077
1152844
1153003
1153608
1156411
1156619
1159786
1161979
1161983
1162353
1163851
1165400
1166451
1167128
1167196
1167445
1168082
1169055
1169057
1169081
1170183
1171046
1171850
1175453
1175721
1175829
1179493
1179496
1180672
1180881
1180882
1182688
1183233
1183299
1184784
1184785
1184804
1184954
1185192
1186431
1186755
1188368
1188386
1189431
1189920
1191158
1192785
1192786
1192787
1192788
1192798
1192808
1192810
1192811
1192826
1193684
1194066
1195078
1195756
1196010
1199882
1200981
1201682
1202816
1203398
1203506
1203769
1204944
1210649
1210890
1212607
1213294
1215013
1218728
1218729
1219556
1225290
1225498
1225703
1226411
1228870
1232463
1232513
1234113
1237058
1237443
1238338
1241540
1241542
1241548
1241856
1248735
1248736
1252224
1252225
1253558
1256570
1265226
1269406
1274385
1276470
1281801
1282197
1284652
1285801
1292161
1295856
1296577
1297970
1303338
1307080
1308789
1317143
1321208
1322799
1325774
1325940
1327209
1329071
1333434
1334025
1334904
1334912
1334962
1338076
1339067
1339982
1346473
1346498
1349422
1352842
1354429
1364087
1369478
1374184
1374804
1379333
1385157
1388030
1388650
1398342
1398893
1399882
1399883
1399904
1410873
1417680
1417681
1418630
1423858
1424992
1426068
1427048
1427049
1437268
1438142
1449790
1453158
1459893
1466562
1467557
1467939
1474007
1474037
1477088
1487442
1488867
1491798
1500192
1501632
1502730
1506023
1506296
1506300
1506301
1506303
1516260
1521173
1521795
1522946
1527414
1530249
1539017
1539022
1549614
1551573
1557380
1559838
1560149
1560768
1563993
1563994
1563995
1563996
1576960
1578104
1582925
1582926
1582931
1582939
1587591
1588275
1588591
1590694
1592652
1597582
1601575
1606732
1608873
1609790
1627744
1628819
1628820
1631923
1634398
1634400
1635672
1636081
1638762
1649073
1649782
1653752
1657706
1659307
1659308
1659914
1666160
1667628
1668180
1674406
1675798
1679066
1680334
1683229
1684667
1685305
1685445
1685895
1687408
1687910
1697399
1698618
1709455
1710963
1711102
1712150
1723669
1752830
1753682
1756205
1756957
1756962
1756963
1757273
1757275
1761215
1768908
1769345
1770510
1773123
1773786
1774187
1775167
1778459
1778803
1778811
1778812
1791454
1793597
1795674
1796529
1799792
1801341
1802793
1805472
1808172
1809692
1820022
1822432
1826267
1826855
1836514
1839792
1841213
1841220
1841263
1846960
1849860
1850880
1852685
1855663
1858164
1868371
1876547
1879682
1880047
1881626
1881887
1885381
1885385
1885387
1885389
1885392
1893259
1894555
1895089
1898197
1901842
1903116
1904447
1904715
1910874
1917545
1917547
1917552
1920279
1920280
1928445
1928567
1929504
1932508
1934540
1935257
1938636
1938643
1939607
1941905
1953562
1963287
1967724
1971667
1972426
1974226
1975488
1984656
1988500
1992761
1993334
2004711
2005654
2010039
2013690
2016181
2016182
2016184
2021423
2021685
2031455
2044669
2045156
2045565
2052565
2055447
2055448
2055454
2056281
2056495
2058802
2061093
2061265
2061269
2064801
2066299
2067849
2074120
2074140
2075002
2084706
2085312
2095556
2098952
2099911
2105535
2108905
2109089
2109968
2111301
2114276
2118876
2120150
2120798
2126549
2127407
2131513
2134899
2137370
2140532
2143968
2149382
2153554
2154642
2156158
2158161
2164371
2182877
2209089
2222007
2225073
2242662
2243381
2247194
2256893
2270043
2272665
2273270
2279456
2280894
2291654
2291668
2292491
2295369
2303401
2307342
2313588
2314127
2316910
2318524
2323556
2327997
2332612
2334799
2338819
2347286
2348169
2349252
2354786
2356658
2357839
2358189
2359996
2369869
2375056
2377229
2383225
2387084
2390002
2391468
2394637
2397108
2401328
2409207
2410376
2419580
2420536
2421800
2422840
2424407
2424821
2426329
2427479
2427936
2435815
2435921
2440692
2442257
2443557
2444919
2449285
2451783
2460390
2464569
2466773
2468464
2474307
2475544
2479772
2486171
2492404
2494255
2503427
2511070
2514349
2519691
2519692
2532621
2542654
2544005
2545155
2545157
2545440
2547236
2551299
2551575
2551816
2553645
2554300
2559446
2559652
2559871
2561268
2563048
2563247
2565855
2565895
2566557
2568599
2570050
2570678
2572179
2573570
2575317
2576661
2579255
2591741
2592271
2594413
2598460
2600904
2608910
2610142
2612022
2612211
2619107
2620076
2622897
2623085
2626261
2628030
2633579
2677747
2680426
2687914
2690102
2706942
2707687
2714637
2715115
2715116
2715117
2715118
2717616
2717726
2731724
2737979
2743814
2743831
2747216
2753743
2756564
2757269
2759426
2759430
2760878
2775168
2777721
2783796
2785489
2785742
2788712
2793178
2803174
2806868
2807646
2807977
2808166
2808791
2810950
2813430
2819803
2820057
2820839
2822757
2823523
2824961
2825459
2827490
2828156
2829216
2829217
2832152
2833677
2837644
2840505
2842208
2842225
2842878
2843692
2845148
2845368
2845465
2845884
2849251
2851430
2852140
2853833
2854539
2855206
2856231
2857827
2862232
2866158
2866646
2868634
2869486
2870517
2870525
2871336
2872698
2874915
2879865
2880336
2880544
2881304
2881614
2882038
2882660
2882796
2884000
2884970
2886912
2888223
2888224
2889816
2890057
2891262
2891458
2893975
2894491
2903229
2903902
2905982
2912700
2920798
2924543
2924882
2925551
2938683
2949983
2952570
2952711
2955115
2959766
2962346
2963457
2965652
2966744
2967797
2968181
2979532
2979855
2980186
2980199
2981252
2982054
2982146
2983200
2983650
2984133
2985789
2986346
2987355
2989964
2992857
2993652
2996158
2996978
2997321
2997536
2999793
3000528
3003887
3005716
3005762
3006071
3009372
3010808
3012093
3013813
3016367
3017155
3017474
3018099
3018209
3020720
3021100
3021573
3030879
3031336
3032059
3032343
3032458
3032725
3032817
3033974
3037558
3038350
3038459
3039837
3044709
3063389
3065526
3065856
3069144
3077621
3077935
3086636
3089696
3089697
3091447
3091453
3093958
3094229
3098622
3099180
3100389
3104198
3104252
3106555
3108667
3112060
3115867
3116328
3116408
3116416
3130045
3136054
3137111
3138978
3142233
3146969
3147976
3149710
3152696
3156998
3161685
3169539
3169546
3172703
3175140
3189063
3189069
3193096
3193098
3197782
3204622
3206532
3207218
3207221
3208721
3214754
3219914
3224440
3233507
3233510
3240777
3242489
3243422
3247810
3248713
3250960
3255361
3256472
3256534
3260751
3262942
3262947
3264457
3273660
3273670
3273766
3276048
3284594
3286067
3292251
3292641
3293125
3295328
3298157
3301776
3303919
3305922
3322007
3326519
3327977
3334502
3338516
3342846
3345755
3351877
3356160
3357699
3359031
3366360
3366631
3372820
3375740
3377731
3377734
3377736
3379651
3387680
3397516
3400412
3400774
3401533
3403002
3403389
3414823
3425688
3426786
3436223
3436829
3442527
3443291
3443444
3443567
3443568
3443569
3446095
3447004
3447520
3448774
3450080
3450274
3451867
3453070
3454871
3459723
3459724
3462736
3462847
3466030
3475186
3478278
3484729
3485580
3488176
3490023
3492081
3492538
3493907
3493964
3495477
3495487
3495583
3495586
3495687
3495743
3496225
3496591
3496607
3500091
3501492
3501608
3502706
3502966
3502970
3504717
3504904
3504907
3507345
3508043
3508260
3510359
3516837
3517482
3528487
3530196
3530992
3542234
3547952
3550510
3551736
3559752
3567342
3567670
3569903
3575447
3578504
3583541
3583679
3588842
3590684
3593095
3600924
3601965
3606537
3609578
3610860
3610866
3610878
3610887
3611715
3612059
3613413
3615552
3617218
3620567
3623079
3623080
3625900
3642154
3658310
3665851
3666312
3667465
3670302
3676829
3677784
3678826
3681261
3691187
3693145
3693670
3697778
3698582
3698583
3699186
3699470
3704329
3709602
3710936
3713264
3716794
3717322
3719512
3722463
3722464
3722590
3724860
3725197
3725328
3725329
3726882
3730599
3730887
3731839
3731855
3731857
3732798
3734406
3735351
3737514
3739413
3743503
3743504
3743507
3743630
3743821
3743826
3746523
3748175
3749147
3749233
3749510
3752233
3753377
3754849
3756609
3766065
3766715
3767581
3769139
3773461
3777363
3781872
3791713
3793861
3796660
3797988
3804768
3804779
3808955
3817118
3817426
3817475
3817487
3817650
3820164
3829827
3830130
3835111
3840364
3840812
3840881
3841478
3842698
3851694
3859254
3870634
3876066
3877904
3878746
3880228
3884506
3885137
3886451
3888835
3899513
3902055
3902703
3904694
3906897
3908366
3908872
3909944
3910822
3915040
3915624
3916710
3917225
3919603
3920659
3921852
3922833
3926562
3927502
3930429
3934034
3944476
3947952
3951491
3954806
3959895
3971912
3972177
3973559
3975197
3980976
3985635
3985637
3985638
3987443
3988640
3988657
3988813
3994660
3995127
3995362
3995798
4006440
4008360
4008365
4009746
4019221
4020530
4020779
4026444
4026764
4027624
4029509
4030521
4032385
4032486
4035208
4035773
4038389
4040422
4040841
4040888
4043873
4044935
4045882
4045884
4050032
4050851
4052008
4054943
4062885
4063874
4065508
4066541
4069148
4077637
4080829
4080845
4084656
4085206
4085570
4092840
4095413
4096969
4096970
4097576
4098422
4098863
4099030
4099084
4100788
4100911
4101137
4101222
4102329
4103301
4105413
4106115
4108664
4109154
4110611
4111919
4111959
4112504
4113548
4114264
4114265
4114274
4116305
4116415
4117013
4117306
4117458
4118288
4118593
4118768
4118771
4118896
4119106
4120285
4120357
4121796
4123248
4123253
4124861
4125443
4125444
4125751
4127016
4128790
4129639
4129952
4130242
4130389
4132210
4133770
4134227
4134799
4134895
4135283
4135827
4136165
4136438
4137683
4137684
4137931
4138471
4138667
4139006
4139411
4141838
4141955
4142418
4142634
4144256
4145962
4147289
4148234
4148704
4148875
4148962
4149351
4149562
4149643
4149882
4149931
4150358
4150409
4150414
4150983
4151842
4152306
4152311
4152538
4153283
4153381
4153468
4153575
4154045
4154595
4154872
4154877
4155646
4156176
4156189
4156205
4156464
4157011
4157012
4165700
4169041
4169640
4170576
4171534
4171781
4176857
4181262
4181523
4184345
4184494
4186276
4186796
4188240
4193085
4194433
4194752
4195899
4196586
4197292
4197490
4197538
4197773
4198505
4199085
4199320
4200066
4200168
4201055
4201855
4201907
4204557
4205742
4205891
4205911
4208248
4208436
4209293
4210159
4210706
4211005
4211247
4212492
4212588
4212664
4213124
4213125
4214244
4214309
4214416
4214784
4215153
4215414
4215417
4215683
4216019
4216161
4216429
4217225
4217579
4218130
4218673
4219974
4222098
4223948
4225223
4227866
4227884
4229507
4230607
4231649
4246450
4246451
4247049
4249117
4249911
4252371
4256719
4259072
4259158
4259196
4260236
4260823
4261412
4264646
4267048
4269064
4271084
4271834
4271951
4272079
4272421
4272678
4272807
4275057
4276429
4279268
4279992
4282254
4282844
4282984
4283258
4285375
4286457
4287351
4289201
4289346
4289741
4289742
4290290
4291018
4291954
4292976
4295314
4296102
4296348
4296862
4297332
4298251
4299269
4299703
4300030
4300310
4301315
4301504
4301589
4302007
4302747
4303476
4303883
4303884
4304102
4304357
4304394
4304441
4304566
4304805
4305963
4306073
4306301
4306307
4306373
4306777
4306818
4307226
4307533
4307716
4307863
4308097
4308208
4308689
4309463
4309885
4309984
4310052
4310242
4310838
4311079
4311210
4311250
4311797
4311798
4313230
4313332
4313541
4313909
4314435
4314900
4315306
4315845
4315956
4316019
4316195
4316236
4316243
4316312
4316366
4316374
4316919
4316920
4317039
4317069
4317110
4317112
4317113
4317114
4317454
4317810
4317891
4317913
4318083
4318084
4318087
4318540
4318616
4318699
4318700
4318843
4319410
4319475
4320537
4320657
4320939
4321014
4321101
4321255
4321305
4321308
4321312
4321313
4321315
4321349
4322072
4322081
4322257
4322264
4322872
4322942
4323139
4323181
4323371
4323630
4323709
4323824
4324543
4324577
4324815
4324979
4324980
4324981
4324999
4325132
4325482
4325612
4325829
4325887
4326815
4326992
4327006
4327588
4327648
4327845
4328252
4329306
4329396
4329556
4329585
4329969
4330591
4331030
4331375
4331624
4331946
4332007
4332008
4332013
4334514
4335076
4335091
4335391
4335392
4335471
4335631
4335778
4335955
4336114
4336864
4339619
4340165
4340167
4342953
4343244
4343245
4343924
4344375
4344914
4345114
4345441
4348256
4348774
4349858
4350079
4350279
4350710
4350712
4351180
4351393
4351737
4352542
4353195
4353231
4353420
4353521
4353759
4354218
4355029
4355034
4355861
4355862
4355915
4357060
4357347
4357857
4358042
4358704
4358963
4358964
4358965
4359297
4359532
4359956
4359962
4360173
4360236
4361073
4361192
4361266
4361878
4362025
4362402
4362437
4362492
4362613
4362814
4363693
4364296
4364735
4364898
4364901
4365093
4365389
4365582
4366109
4366158
4366489
4367204
4367381
4367528
4367836
4368919
4370045
4371521
4372546
4372607
4376513
4376811
4377412
4381647
4382768
4384468
4385090
4386594
4387626
4387696
4388365
4389114
4390874
4392612
4392792
4392826
4393493
4393622
4393899
4394377
4394677
4394680
4395138
4395162
4395674
4395684
4396090
4396242
4396264
4396296
4396297
4397225
4397322
4397868
4398350
4399066
4399132
4399195
4399443
4399566
4400323
4400464
4400465
4401067
4401115
4401279
4401359
4401919
4402122
4402399
4402435
4402450
4402804
4403131
4403211
4403788
4404185
4404251
4404282
4404283
4404959
4405704
4405705
4407324
4407800
4409787
4411719
4411795
4411943
4412784
4413380
4413557
4413563
4413711
4414479
4414741
4414920
4415475
4415597
4417781
4418669
4420769
4421124
4423884
4424767
4425534
4426336
4427667
4428216
4430187
4430533
4430891
4432097
4432117
4432122
4432125
4432126
4432629
4432638
4432639
4433340
4433668
4435062
4435260
4435304
4435893
4436316
4436973
4436976
4439767
4439831
4439836
4440212
4440213
4441565
4441992
4443223
4444717
4447787
4447883
4448682
4448694
4448695
4448940
4450861
4450874
4451715
4452481
4452575
4452970
4454814
4455117
4455554
4456274
4456728
4457192
4457473
4458157
4459756
4462654
4462677
4462678
4462982
4463179
4463474
4464023
4466017
4468895
4469413
4469612
4469613
4469618
4471638
4471643
4474028
4474185
4474963
4475436
4475671
4476115
4476703
4488086
4500637
4501108
4501117
4501118
4502734
4502804
4502932
4504337
4504360
4504602
4504603
4506195
4507019
4507599
4507616
4508396
4509240
4514986
4515041
4516954
4517726
4518497
4518498
4519109
4521047
4522021
4522100
4522388
4522800
4525464
4525980
4526038
4531300
4536694
4537352
4537751
4537852
4538284
4538541
4538575
4539419
4539731
4539827
4541557
4543770
4543891
4544407
4545295
4546732
4546770
4546874
4547587
4549194
4549288
4549395
4550770
4550988
4551103
4551279
4552285
4553727
4554118
4555457
4556696
4557012
4557505
4558298
4558354
4561497
4562393
4563021
4563149
4564201
4564320
4565663
4566213
4566653
4566837
4570496
4570967
4570984
4572017
4572459
4574948
4575650
4575896
4578908
4579307
4579375
4579376
4579825
4580366
4581190
4581244
4581501
4581502
4582336
4582398
4582512
4582666
4582763
4583487
4583525
4584685
4585095
4586446
4586916
4587165
4587819
4588754
4591628
4591846
4592889
4593082
4593438
4593956
4594833
4594836
4595393
4595417
4596240
4596260
4596888
4597130
4598256
4598747
4599648
4599819
4602377
4602670
4602952
4604462
4604725
4605139
4606175
4607609
4608884
4609649
4609907
4610896
4611284
4611341
4611513
4611670
4611671
4611701
4611945
4612070
4613129
4613258
4613411
4613945
4614873
4614874
4615664
4615757
4616019
4616339
4616341
4616561
4616570
4617316
4617710
4618122
4618138
4618217
4618261
4618618
4618799
4620022
4620023
4621600
4621601
4621662
4622963
4623665
4624273
4624608
4624966
4625734
4625827
4626112
4626344
4628098
4628568
4629826
4629950
4631058
4631598
4632076
4634270
4635115
4636359
4643701
4644329
4645165
4646672
4649371
4650369
4651588
4652366
4653553
4654229
4654680
4654687
4656861
4657884
4659580
4660842
4660843
4661191
4661304
4663534
4664200
4664201
4664203
4664205
4664209
4664210
4664213
4665343
4666407
4666753
4666754
4668023
4668819
4670796
4672084
4672265
4672727
4672728
4673145
4673344
4674689
4676276
4676910
4677109
4677467
4679818
4680627
4680639
4682248
4682647
4682858
4686214
4688703
4689339
4689951
4691550
4692339
4692865
4693063
4693093
4695034
4696586
4697405
4697998
4700402
4701991
4707061
4708733
4709359
4712304
4712857
4714424
4714788
4715306
4715531
4715979
4715983
4715986
4716661
4716663
4717398
4717552
4717553
4719448
4721567
4721627
4723903
4723933
4723937
4724318
4724490
4725097
4726082
4726086
4726606
4727860
4727915
4729524
4730553
4730559
4730561
4730820
4732299
4734694
4735084
4735814
4736522
4736587
4736621
4736653
4737100
4737551
4738306
4741691
4742507
4742777
4743225
4743706
4744930
4745826
4747101
4747102
4747551
4747574
4748370
4748759
4748761
4749074
4750242
4750244
4750409
4751541
4753423
4754769
4754857
4759904
4761252
4761265
4762277
4762788
4762874
4763364
4763983
4764762
4765717
4767904
4770422
4771319
4771320
4771321
4771359
4772076
4773336
4773346
4773573
4775064
4775111
4775455
4775751
4775762
4777436
4777438
4777783
4777807
4777995
4778104
4778490
4778695
4778788
4779926
4782673
4784113
4784116
4788353
4789446
4791224
4792279
4792362
4792408
4793366
4795672
4796241
4797018
4797081
4798228
4798733
4798829
4802726
4802810
4804061
4804070
4804315
4804677
4804844
4805186
4807122
4807576
4807715
4807752
4809064
4810935
4811947
4812656
4812948
4812955
4814137
4816569
4817528
4817977
4818266
4819564
4819596
4823182
4823183
4824507
4824696
4826306
4827365
4827495
4829154
4829409
4830477
4830523
4830759
4830760
4833054
4833227
4833814
4836190
4837309
4837495
4838761
4838763
4841168
4841856
4841974
4842089
4844546
4845661
4847754
4848433
4851248
4852458
4854479
4855512
4855650
4855919
4856006
4856063
4856984
4857114
4857311
4857822
4858113
4858131
4858682
4858764
4860519
4861517
4862327
4863163
4867229
4867495
4869340
4869605
4869869
4869966
4871383
4871397
4871468
4875822
4876556
4877346
4878577
4880318
4880491
4881055
4882915
4885265
4886081
4886133
4887234
4888594
4890908
4893043
4893074
4893880
4894272
4894336
4895535
4895538
4898778
4899177
4900763
4900832
4903983
4904544
4904641
4905280
4905924
4907139
4908207
4908217
4909429
4911185
4911242
4911313
4911316
4912961
4913638
4913913
4914375
4914464
4917063
4917871
4919526
4919653
4920091
4921170
4921240
4921482
4922203
4923092
4923736
4924107
4924201
4924471
4925774
4925976
4926209
4926712
4927150
4927386
4927527
4927724
4928071
4929089
4929231
4929820
4930089
4930676
4930877
4931603
4932299
4932626
4932627
4932893
4932995
4933474
4933710
4933843
4934033
4934266
4935753
4935922
4936426
4937004
4937405
4938462
4938841
4940970
4941815
4942407
4942675
4942888
4943065
4943144
4944404
4944706
4945739
4945880
4948696
4949638
4949986
4952099
4954093
4955312
4957119
4958933
4963545
4964261
4965833
4966530
4967294
4967821
4969574
4970565
4971858
4972051
4972125
4972730
4972731
4973693
4973704
4973710
4976690
4976865
4977670
4979275
4981790
4982918
4983506
4984236
4985244
4985271
4986187
4986503
4986583
4987199
4988157
4993214
4993598
4993665
4993849
4995032
4995100
4995220
4995370
4995860
4996254
4997327
4997710
4997730
4997875
4997920
4999336
4999629
5000157
5001185
5002061
5002931
5002957
5003762
5003805
5003868
5003869
5004597
5007462
5007469
5007714
5008395
5008404
5008965
5008968
5010564
5012523
5013892
5014711
5015203
5016288
5016972
5018725
5019135
5019136
5020841
5022874
5022976
5024714
5025400
5025993
5026813
5026844
5028494
5028964
5029369
5031298
5031299
5031314
5031316
5031982
5033313
5033837
5034773
5035065
5035765
5040326
5044047
5044054
5048835
5050093
5050870
5050875
5054142
5054346
5054480
5056129
5061976
5061980
5061993
5064225
5064428
5065131
5065253
5065655
5066251
5068179
5070620
5071055
5071056
5072763
5072786
5073377
5073854
5074306
5075790
5075899
5076644
5076824
5076827
5077328
5077849
5082846
5085496
5085501
5086622
5087653
5087654
5088497
5089292
5089680
5090042
5090261
5091980
5092597
5092771
5094442
5094834
5094835
5094847
5096943
5097534
5098031
5099719
5102528
5102926
5103051
5103067
5104044
5104177
5104321
5104878
5105212
5105366
5105572
5106079
5106167
5106174
5106270
5106342
5106528
5106532
5106910
5109005
5111031
5111568
5111764
5115464
5115610
5115619
5116146
5117169
5118457
5120288
5122263
5122296
5123144
5126203
5127013
5127389
5129764
5130492
5133085
5133298
5133732
5135976
5137682
5142631
5143701
5146578
5147264
5152090
5154995
5156694
5158745
5159878
5160264
5162297
5162702
5163277
5163354
5164934
5165738
5166232
5166574
5167354
5170424
5170425
5170715
5173319
5217437
5218622
5219677
5220870
5220871
5222546
5223570
5229964
5230304
5231357
5231597
5231599
5233460
5233838
5235105
5238665
5240018
5240021
5241518
5243931
5251864
5251878
5251891
5253657
5253662
5253668
5256223
5256227
5256229
5256409
5257005
5257126
5257410
5257427
5261036
5261109
5263022
5263771
5264152
5270848
5270849
5274459
5274477
5276073
5276224
5276281
5276288
5276295
5276304
5279339
5279808
5280341
5280342
5282892
5283016
5283957
5285340
5285747
5285748
5286615
5288093
5288810
5289034
5289254
5289375
5293606
5294488
5297295
5297752
5299678
5300065
5302996
5303495
5306541
5306543
5307016
5307427
5309520
5310442
5310699
5310938
5312953
5314564
5315654
5315831
5315993
5319319
5322511
5324835
5339004
5341203
5344436
5344599
5344603
5344985
5345073
5345074
5345160
5348563
5350704
5353166
5353610
5353650
5353658
5354006
5356438
5356439
5357056
5359630
5360026
5362427
5364411
5364714
5364921
5365290
5365583
5366450
5366451
5367031
5367551
5367870
5367874
5369310
5369311
5370784
5370789
5370966
5371014
5371718
5372295
5372502
5372544
5375141
5375152
5376356
5383462
5387811
5387828
5388416
5388417
5390794
5391964
5392018
5392019
5392211
5392623
5392645
5392646
5392741
5394185
5397545
5399210
5399212
5399252
5399404
5405617
5405927
5407696
5407702
5408737
5408739
5408740
5411123
5412048
5412777
5415126
5416464
5420297
5421869
5422627
5422630
5422967
5423933
5424308
5424576
5425782
5425925
5426785
5428190
5428191
5430070
5430071
5431529
5431624
5432282
5432574
5432742
5432743
5433417
5433418
5435722
5436403
5436404
5436516
5437295
5437516
5437672
5439083
5440070
5440082
5441197
5442244
5442811
5443208
5443218
5443219
5443252
5443638
5443792
5443947
5444105
5444849
5444918
5446638
5447151
5447533
5449397
5450357
5450702
5450703
5451109
5452503
5453355
5455682
5455976
5457944
5459485
5459763
5460221
5461074
5461459
5461804
5462176
5462279
5462793
5463034
5463091
5463279
5463669
5463864
5464582
5466693
5470512
5470514
5470721
5471477
5472376
5473194
5473206
5473976
5473978
5476020
5477019
5477232
5477342
5478196
5480731
5480766
5480892
5480944
5482357
5482368
5483162
5483405
5485267
5485479
5485483
5485609
5485907
5487664
5488094
5488107
5489266
5489355
5489359
5489764
5490304
5492024
5492032
5492609
5493280
5493522
5493851
5493867
5493989
5494825
5501460
5502208
5502344
5502352
5504460
5505355
5508384
5511945
5512131
5512132
5512251
5512469
5512472
5512555
5514699
5519662
5521414
5521881
5523197
5523966
5527021
5527120
5527374
5527377
5527658
5527661
5528417
5528518
5528803
5528914
5529847
5529980
5530012
5531079
5531375
5531479
5531562
5533906
5534534
5534923
5535859
5535863
5535869
5535876
5536324
5537772
5537984
5538223
5538271
5538272
5538845
5538938
5539703
5539723
5539865
5545630
5545633
5545721
5546098
5546871
5547219
5548607
5548609
5548874
5549403
5549559
5550500
5551707
5553449
5553688
5553982
5554032
5554044
5555396
5556351
5558390
5558752
5559225
5559845
5563331
5565817
5566957
5567744
5568666
5569211
5569770
5570076
5571751
5572623
5572738
5573324
5575898
5577858
5577860
5579411
5579694
5580759
5581367
5581377
5582059
5583049
5583508
5584568
5586874
5587943
5594787
5596285
5600047
5601317
5610123
5613280
5613987
5621958
5623165
5624353
5625709
5629877
5630189
5630190
5630384
5632164
5632531
5632813
5632926
5633066
5636340
5637623
5639163
5639907
5641122
5641268
5641404
5642024
5642187
5642310
5642928
5644066
5644262
5645470
5646595
5647222
5647833
5647843
5647847
5648761
5650861
5652299
5654093
5655101
5655665
5656124
5656650
5656926
5659174
5662285
5663109
5663778
5664400
5668140
5668319
5671420
5671432
5676729
5676883
5677426
5677432
5678905
5681015
5681035
5681244
5682910
5684093
5684230
5686525
5687820
5687822
5689389
5689395
5690200
5692697
5692982
5693242
5693297
5693850
5697744
5698761
5698836
5700166
5702325
5702337
5702963
5705173
5705322
5707675
5707678
5708745
5708841
5710150
5711598
5713603
5713660
5715209
5715663
5717054
5717663
5717664
5718720
5721150
5721322
5723531
5723708
5723783
5725979
5727242
5728691
5742038
5742334
5744491
5750220
5750853
5751138
5753236
5758051
5758382
5759967
5761097
5761277
5761691
5761693
5762401
5762936
5765061
5766537
5768847
5770236
5770239
5770241
5770276
5770277
5772452
5773717
5773805
5774143
5774949
5777042
5777313
5779423
5779845
5780684
5781661
5781858
5782587
5786180
5786816
5786823
5787154
5787391
5789159
5789309
5789668
5791019
5791020
5791689
5792429
5792900
5793024
5795330
5798121
5799429
5799530
5800998
5801479
5801593
5802497
5802882
5803383
5804477
5804499
5806369
5806981
5808220
5810628
5810928
5811677
5811899
5812039
5813351
5813962
5814165
5815056
5815143
5816576
5816815
5816953
5817087
5817462
5821781
5823231
5825759
5834517
5835407
5835792
5837107
5839864
5840025
5843622
5844173
5854176
5856084
5856085
5858029
5873648
5876142
5877296
5883028
5883633
5886234
5889027
5889236
5890777
5892680
5892910
5893036
5894252
5894380
5896634
5900928
5909780
5913289
5923196
5928276
5929565
5932751
5933024
5938423
5946429
5948052
5948624
5950610
5950611
5951782
5957211
5959515
5959516
5959983
5959984
5959985
5961147
5961480
5962482
5962746
5963987
5963988
5964219
5983613
5990060
6002829
6004686
6006025
6006041
6008139
6008449
6008463
6013504
6015171
6015172
6024296
6024839
6024841
6025535
6026106
6029705
6031598
6031599
6032186
6032187
6033175
6035856
6038168
6048478
6048766
6050492
6051379
6051654
6052566
6053538
6055194
6055330
6057945
6058105
6059965
6062909
6063505
6063900
6064485
6064653
6064654
6065752
6066174
6067606
6067751
6067757
6070752
6073493
6073940
6073942
6076485
6076628
6076907
6077523
6079422
6081220
6083472
6085563
6085565
6085571
6086457
6090268
6090676
6092213
6092917
6092993
6093120
6093300
6094727
6095495
6095739
6096225
6096572
6097429
6099089
6099305
6104570
6106187
6107275
6110196
6113922
6114795
6121322
6125145
6126320
6127849
6131832
6132739
6140915
6144334
6149558
6152959
6153111
6154083
6154146
6155448
6156065
6157312
6157434
6157780
6158548
6158809
6159968
6161595
6164524
6164634
6165001
6166331
6166480
6166683
6166700
6167395
6169781
6170047
6171597
6173551
6173939
6174667
6175401
6175714
6178596
6184866
6185380
6185607
6185636
6187418
6189952
6190981
6191917
6197037
6198549
6204560
6204850
6206019
6208034
6208953
6215832
6216682
6219206
6221806
6223087
6227446
6229343
6231143
6239987
6240260
6241623
6245309
6245390
6245773
6247130
6249402
6249419
6250063
6255312
6255509
6255712
6261490
6261715
6263986
6266560
6266749
6274746
6274765
6275108
6275109
6276017
6276182
6276266
6277349
6278187
6282788
6283725
6285072
6286140
6286989
6289435
6293164
6295102
6295209
6295640
6295641
6296225
6298129
6298894
6298900
6298901
6300202
6300849
6300863
6300883
6302276
6302392
6302575
6303007
6304764
6309989
6311965
6313122
6313534
6317863
6318864
6322434
6323765
6326696
6330244
6331169
6335909
6342868
6345695
6346309
6350157
6352585
6354817
6354983
6354986
6356639
6356670
6357766
6359219
6360457
6363611
6363612
6368179
6369397
6369680
6370947
6377906
6377944
6379754
6381010
6381210
6381211
6382146
6382855
6389344
6391425
6393212
6400062
6400217
6407107
6409359
6409965
6419838
6420230
6420501
6425927
6427384
6428684
6438308
6438758
6440531
6443021
6444265
6446949
6447524
6447608
6447725
6449814
6451277
6456026
6457589
6457654
6458878
6459138
6463086
6463373
6466293
6467028
6467032
6467370
6468613
6468928
6479374
6490110
6490739
6492039
6493618
6498501
6501653
6505786
6507108
6510709
6512653
6514533
6517850
6519185
6519193
6521974
6523579
6526753
6528263
6529435
6531790
6535448
6535643
6535645
6537490
6538107
6538530
6538785
6539325
6541510
6541608
6541645
6541698
6542175
6542564
6543612
6547433
6548765
6571467
6574153
6576092
6576964
6586706
6589604
6593390
6594304
6597566
6598577
6601994
6602861
6606002
6607171
6616180
6617991
6618752
6618753
6619010
6626087
6626739
6630094
6631831
6633116
6634574
6634758
6637323
6640451
6640527
6642246
6642248
6642573
6643108
6643303
6644014
6644757
6650676
6653085
6654335
6655095
6655734
6658287
6663258
6663259
6665308
6668220
6669194
6676463
6683210
6683212
6683362
6683693
6684111
6684373
6685724
6686210
6694148
6695449
6698904
6698905
6703651
6706401
6706869
6707440
6709564
6710602
6714479
6724301
6724726
6725149
6727721
6735942
6739418
6747263
6749251
6749559
6751505
6752303
6754614
6754813
6757236
6757375
6761411
6766173
6766221
6767240
6767242
6767612
6768122
6768177
6769022
6770678
6771266
6773274
6773417
6775708
6775710
6775815
6776005
6777095
6777248
6777779
6777823
6778612
6778774
6782155
6782549
6786887
6789310
6789912
6790473
6790477
6791414
6791961
6796784
6797836
6798113
6798155
6799354
6800081
6800800
6800947
6801750
6802750
6802752
6802926
6803758
6805410
6805411
6807755
6809602
6811425
6812867
6818549
6825656
6827435
6840817
6842263
6842270
6842597
6845332
6860254
6861526
6863158
6864161
6873155
6883101
6883144
6883154
6883813
6884580
6889857
6890007
6929717
6930264
6930869
6935906
6939407
6944381
6947965
6951716
6953392
6959141
6960989
6961844
6965308
6965961
6966090
6966261
6966313
6966565
6966587
6966653
6966945
6967339
6967411
6967512
6967730
6967886
6970150
6971278
6971896
6972644
6973003
6973350
6973374
6973375
6973377
6973378
6974017
6974136
6974187
6974192
6974840
6976368
6980132
6980701
6984022
6985427
6985693
6985949
6987737
6989040
6989042
6989746
6990373
6992474
6992878
6992884
6996028
6997635
6998355
6999389
7000201
7002635
7004489
7007159
7007526
7018617
7020795
7024115
7025102
7025103
7025530
7025531
7026264
7028177
7030970
7030971
7036181
7036457
7038667
7054010
7062716
7063013
7069190
7072149
7072150
7074224
7079313
7080162
7085511
7085512
7088483
7092795
7095658
7096984
7099424
7102039
7104780
7106380
7120308
7122127
7122453
7122458
7125596
7126104
7129256
7133120
7136320
7140814
7140831
7142709
7150041
7151488
7152112
7154021
7158725
7160231
7162221
7162222
7163618
7166310
7166312
7171993
7175826
7175828
7178160
7178173
7179501
7180377
7189197
7189628
7189629
7190344
7190669
7191411
7192444
7192467
7192667
7193160
7193597
7196006
7196926
7198638
7199416
7200438
7200915
7201144
7202542
7202686
7202687
7202688
7204937
7214004
7214010
7214539
7215447
7222216
7225282
7225557
7225563
7226234
7226897
7230129
7231547
7238646
7238649
7240036
7240038
7240039
7240042
7240552
7243817
7245952
7247741
7247929
7247935
7247939
7248932
7251224
7254764
7258036
7259113
7260394
7263863
7264297
7264341
7264578
7267156
7272765
7276520
7276528
7276887
7280060
7285125
7286825
7287079
7287298
7288138
7288364
7289442
7289578
7290565
7295037
7295950
7295971
7297121
7297501
7298516
7299167
7301431
7309292
7309340
7315358
7317605
7319542
7319942
7320334
7320686
7323247
7325154
7325215
7325952
7326426
7327045
7330972
7331676
7331682
7333710
7334216
7348778
7352267
7352303
7359084
7368273
7371979
7372396
7372443
7374885
7376546
7378527
7378750
7378751
7385052
7386082
7386608
7388142
7388144
7388165
7388168
7388950
7389514
7390016
7390939
7391587
7393923
7394067
7395341
7396240
7397285
7400062
7400063
7403487
7405187
7405387
7407362
7407376
7409329
7414687
7416243
7418922
7419135
7419618
7420048
7424297
7426708
7426724
7426737
7426754
7428605
7431295
7434427
7435805
7436753
7439388
7440820
7443028
7444009
7448391
7448397
7452629
7454204
7459108
7459498
7462114
7465553
7466904
7473535
7476120
7478591
7480651
7485492
7505753
7506792
7512574
7514570
7518786
7521235
7535674
7537713
7572457
7575392
7581041
7582098
7586183
7591215
7591219
7591831
7591836
7595494
7602093
7602173
7605674
7607425
7612147
7615258
7628244
7630636
7631884
7632441
7634426
7635285
7635302
7655897
7657993
7663750
7663764
7665171
7665180
7665181
7672581
7678907
7684627
7694110
7694111
7699999
7700522
7704052
7705478
7715447
7721071
7727788
7729676
7733275
7735524
7735532
7761351
7762644
7767012
7768446
7769067
7769070
7789772
7789995
7790005
7791899
7794236
7800411
7805027
7808418
7809907
7813680
7824583
7829061
7831094
7834107
7836747
7836754
7837983
7840877
7840946
7852098
7855289
7858398
7858561
7864044
7864844
7868910
7876032
7883153
7883616
7883636
7887486
7890812
7890927
7893128
7894746
7895623
7896126
7896129
7898508
7903094
7909219
7910581
7910582
7910583
7914691
7916205
7918698
7926089
7931126
7931127
7936056
7937165
7945158
7947615
7951161
7951164
7951166
7953778
7955117
7957198
7965819
7967638
7968568
7983847
7984575
7989217
7989221
7994121
7995924
7997458
7999303
8000142
8003347
8003561
8013472
8014148
8019888
8021886
8023634
8034758
8039009
8040305
8045380
8053059
8053498
8056308
8056310
8056658
8056661
8058190
8064672
8066808
8069308
8070661
8071081
8075499
8078397
8082936
8089271
8094275
8096138
8104415
8104890
8105235
8125250
8125832
8129694
8145857
8150296
8150655
8150656
8151561
8155854
8156159
8158437
8164111
8165154
8166422
8177505
8181973
8182580
8183338
8185928
8188049
8188219
8188220
8188251
8188277
8188281
8188291
8188294
8188307
8188497
8197186
8206363
8206365
8206366
8212248
8212250
8214149
8224852
8224853
8224857
8244207
8244442
8248144
8270095
8274880
8276215
8276229
8276636
8277855
8279641
8282970
8288052
8294278
8297927
8307358
8307380
8308901
8314596
8316215
8316817
8316954
8321827
8325483
8326748
8327781
8333579
8335085
8335477
8337763
8338930
8344198
8345479
8346220
8347465
8350299
8354205
8354351
8354355
8359860
8366892
8376225
8376226
8378218
8382174
8384145
8384197
8390964
8391503
8394265
8403801
8406441
8406442
8406449
8406464
8407644
8410801
8414158
8415634
8429899
8429905
8430812
8430813
8430872
8432049
8433316
8433346
8436274
8436276
8436277
8436280
8440651
8449031
8454553
8458253
8458745
8463147
8468571
8476394
8478289
8479150
8492084
8495994
8496066
8499652
8499655
8499658
8499659
8500353
8505094
8508729
8511398
8513597
8514134
8514135
8514139
8517775
8537128
8548501
8557305
8568210
8569692
8575669
8581303
8582348
8582625
8582846
8591896
8592054
8592185
8592404
8593318
8598346
8600378
8600389
8614682
8617665
8650105
8651442
8661719
8682693
8697806
8702030
8711225
8722809
8723721
8743018
8746460
8749716
8754280
8755039
8765678
8770150
8771402
8779680
8779875
8779880
8780168
8793211
8801221
8806224
8827384
8829224
8830099
8835526
8842562
8862777
8866900
8880177
8880406
8888529
8894759
8895472
8897060
8904701
8907556
8909138
8911141
8914957
8919913
8927517
8935842
8939018
8954598
8975692
8990535
8997339
8997368
8997381
9000502
9008656
9026464
9028473
9028474
9032947
9035973
9038858
9040846
9059359
9063853
9068041
9071584
9081860
9083295
9087712
9088902
9088904
9088918
9089956
9093852
9093854
9093855
9094211
9096106
9096107
9096116
9098409
9098426
9105723
9106460
9107673
9109439
9110202
9121474
9124321
9134705
9135679
9151490
9157680
9159266
9161013
9161014
9168780
9173352
9177770
9188755
9193941
9199704
9206663
9210789
9215647
9215902
9222116
9222599
9223261
9223262
9226726
9227923
9244765
9244766
9258682
9281060
9282324
9293636
9309268
9316105
9324082
9325483
9326349
9328433
9339668
9345459
9345913
9348231
9357168
9359964
9363622
9369011
9369012
9377180
9378145
9378147
9378907
9378908
9378909
9378910
9378911
9378912
9378913
9378914
9378915
9378916
9378917
9383043
9383066
9383070
9385058
9388982
9389499
9398466
9402736
9409838
9420214
9430118
9440264
9452224
9462302
9464881
9465892
9465899
9474773
9475380
9475402
9487683
9491418
9491615
9491980
9504752
9506317
9509173
9509190
9533125
9535326
9539433
9549057
9549061
9549063
9560413
9566221
9569667
9590685
9590690
9610912
9616378
9621936
9628523
9649532
9650277
9650637
9657330
9661661
9685990
9691042
9691046
9691047
9701924
9703318
9704532
9705265
9706069
9706070
9713142
9720268
9720298
9721794
9729292
9747965
9753318
9762110
9762560
9767449
9773484
9775475
9778635
9781483
9787436
9794768
9800369
9803024
9809601
9811058
9813271
9821795
9822383
9823742
9835331
9841436
9843208
9853864
9869454
9870468
9879007
9879012
9879108
9879738
9879897
9880051
9885188
9892222
9919703
9921356
9924965
9928599
9974430
9987929
9987933
10022015
10048133
10051613
10064024
10090399
10101127
10197871
10224266
10230800
10233703
10331004
10331286
10352119
10383648
10395207
10398693
10399965
10402503
10404673
10406110
10415460
10420278
10426176
10444532
10447874
10454747
10458153
10463348
10467701
10467745
10490019
10501611
10509140
10512579
10515353
10519072
10519144
10519153
10523143
10525117
10526847
10531553
10545475
10564448
10566793
10575272
10583537
10586873
10591008
10596748
10617470
10625304
10638308
10649634
10652073
10653190
10677246
10681248
10684246
10686998
10698318
10706624
10707405
10732734
10736356
10747061
10747067
10755552
10763433
10772574
10773656
10781328
10781329
10782337
10783530
10783533
10790397
10792701
10802670
10816367
10816611
10819307
10828614
10849068
10849069
10857786
10864805
10873630
10874172
10875271
10883681
10886010
10886503
10886654
10887376
10890209
10901178
10901216
10937194
10942032
10954750
10961430
10961618
10961910
10966511
10978291
10983685
10985395
10985399
10991789
10991844
10998206
10999005
11004510
11004847
11012717
11017051
11031616
11033857
11048916
11049857
11051469
11051718
11052533
11054387
11070313
11078580
11091306
11091309
11100708
11100726
11103327
11105209
11108582
11108590
11108604
11110683
11117360
11118000
11126547
11126565
11129466
11131340
11135002
11138937
11138943
11139514
11147497
11156948
11171573
11181153
11191337
11191338
11191340
11191867
11196712
11198471
11201433
11201435
11206083
11217858
11219827
11225766
11229277
11235566
11240625
11251794
11255515
11263739
11263748
11264419
11283975
11286500
11291918
11294608
11298948
11298958
11298968
11298974
11299333
11329167
11331774
11333961
11333971
11335078
11341591
11344288
11344292
11348501
11348504
11351326
11352864
11357131
11374536
11376549
11385602
11390622
11395372
11399487
11410152
11411052
11420370
11421120
11421943
11423185
11423214
11424671
11424673
11424674
11424678
11424679
11424680
11424684
11424699
11426578
11430644
11450694
11452287
11454758
11459786
11465349
11465358
11465362
11465377
11466528
11467428
11467433
11488971
11489951
11495459
11495460
11504848
11506925
11510976
11515435
11515437
11515440
11518209
11518224
11518228
11520983
11535642
11541553
11542785
11543617
11545532
11545534
11550270
11555244
11555277
11555667
11557859
11560902
11565777
11580022
11583417
11584298
11593019
11594581
11595046
11669405
11678982
11681612
11681738
11683470
11695264
11700276
11703505
11705766
11706661
11714500
11737277
11758882
11759086
11760009
11761061
11761063
11770517
11785293
11785301
11794790
11799230
11799241
11818231
11841159
11841181
11852194
11861894
11862458
11862993
11869193
11869351
11884477
11887755
11896544
11901133
11901135
11902405
11903896
11918283
11918795
11922103
11923861
11924125
11926505
11953944
11958598
11964499
11967188
11975708
11976414
11976447
11980180
11980196
11986868
11987463
11989682
11989784
11999316
12002336
12003064
12019095
12030979
12038532
12041829
12041923
12043572
12047226
12057708
12058752
12061643
12065810
12065836
12099348
12111681
12121677
12130809
12140270
12144018
12144658
12162647
12163088
12175897
12176655
12183574
12184026
12187850
12187852
12187856
12196397
12204398
12206246
12206367
12207355
12208816
12210271
12211300
12211301
12215897
12222872
12238761
12242640
12242645
12297546
12350006
12350007
12350248
12356091
12362468
12365507
12373550
12374162
12377987
12385102
12389729
12389862
12391088
12393265
12395324
12411703
12412907
12414311
12414446
12424521
12438778
12438783
12438784
12438791
12442891
12442908
12446808
12449485
12453232
12454089
12454860
12461173
12463349
12466944
12471675
12473198
12480529
12481784
12484532
12487359
12490068
12500502
12502510
12502514
12505602
12512619
12517375
12522420
12522421
12528707
12529256
12533751
12534215
12534217
12539844
12541068
12543660
12544437
12546803
12548668
12554086
12555776
12555780
12555781
12555788
12559460
12563757
12568804
12569247
12573856
12580241
12582865
12583583
12586484
12586709
12590771
12605296
12613866
12613872
12627467
12627840
12627843
12633651
12633658
12634807
12635712
12640735
12645818
12645819
12645821
12649459
12659009
12669806
12670512
12679072
12679078
12683528
12684770
12690181
12698001
12703641
12703945
12703949
12714981
12721506
12733664
12737224
12741061
12741512
12748611
12748965
12750316
12752761
12753202
12753778
12755875
12755878
12760671
12764443
12768862
12773816
12778554
12778558
12790410
12796457
12797979
12802320
12802326
12803638
12803641
12805469
12809734
12812083
12815450
12815737
12817487
12819008
12823861
12824637
12825092
12831480
12836823
12836953
12838616
12845472
12847650
12852176
12854804
12857027
12859637
12866951
12879359
12884978
12886280
12894937
12894946
12894948
12895279
12895287
12895411
12897869
12903742
12908742
12910673
12919487
12919488
12920100
12925896
12930747
12930748
12939619
12940361
12941465
12950627
12959901
12964826
12965008
12965012
12967247
12969463
12969655
12971469
12971470
12971794
13127764
13136648
13137263
13142729
13248058
13260721
13261193
13266798
13266800
13266803
13266807
13277217
13495488
13511793
13571570
13574131
13608995
13677045
13678341
13679027
13698033
13726702
13744630
13764478
13778848
13796337
13811664
13833280
13851682
13889537
13890381
13902811
13904896
13908391
13927615
13929860
13930416
13939081
13948050
13951993
13953994
13960591
13969397
13970169
13970509
13978957
13982603
13982604
13988706
13998541
14016989
14019821
14022095
14024419
14049365
14051861
14057868
14059001
14061958
14064824
14071599
14074545
14074858
14077733
14082495
14084531
14086097
14093456
14094047
14094074
14095068
14096486
14096525
14097734
14108302
14109739
14110474
14124323
14128128
14132782
14139254
14141570
14155947
14161123
14161199
14161200
14161202
14164368
14167813
14168277
14168656
14169962
14170127
14170402
14171168
14171266
14171267
14172070
14172722
14172724
14172726
14186962
14187644
14189590
14190029
14191359
14192248
14199679
14199680
14202162
14202195
14202368
14202703
14204850
14206597
14206598
14207056
14207552
14207707
14207708
14207710
14208434
14209128
14210401
14210964
14215383
14215561
14215624
14215828
14222457
14226062
14231161
14232531
14232680
14233899
14234356
14235360
14235594
14239787
14239918
14240133
14243985
14244501
14244992
14245787
14247738
14249018
14250468
14251317
14254175
14254947
14255994
14265491
14265492
14269957
14269958
14278002
14283132
14287603
14289945
14291033
14291404
14291748
14292812
14300932
14313822
14318975
14318977
14332573
14332576
14333808
14337767
14337769
14338507
14340394
14397579
14424437
14449821
14450924
14472171
14480021
14481915
14483366
14492238
14492754
14503629
14503631
14504229
14508499
14508501
14509540
14514466
14519211
14523245
14529145
14561279
14561304
14567962
14573480
14574121
14574371
14594461
14594470
14594471
14594473
14594474
14594488
14595748
14595754
14595756
14607653
14617030
14620952
14622447
14624037
14628916
14628919
14628923
14628928
14629346
14629366
14629378
14629379
14629398
14632223
14635874
14635898
14640403
14640405
14640419
14647927
14654248
14657675
14658226
14658233
14662148
14666125
14667333
14673600
14676944
14686533
14686607
14704197
14705878
14714090
14717928
14722686
14727172
14735122
14739241
14741231
14744026
14745102
14745823
14748436
14753347
14761061
14761062
14761064
14761069
14767722
14814035
14832153
14832157
14861729
14867758
14871363
14931809
14962987
14962989
14967816
14970684
14977134
14977136
14977955
14987256
14989467
14991110
15000650
15000654
15000659
15000660
15001748
15001783
15002777
15003732
15004269
15009255
15009256
15009265
15009278
15010491
15010578
15012768
15014876
15020468
15020476
15031125
15033664
15033967
15036521
15038161
15058731
15063140
15067945
15068349
15073224
15078439
15078447
15078456
15081107
15082937
15093683
15097870
15098446
15099549
15107268
15107270
15110274
15123169
15123315
15124229
15128411
15131346
15133193
15140093
15140094
15140104
15140556
15149095
15150669
15152599
15154554
15154559
15168209
15176420
15184657
15189278
15195564
15197582
15198894
15202656
15208709
15212372
15212385
15212391
15218904
15226002
15232104
15237225
15237227
15241457
15241595
15245419
15256511
15257170
15260141
15264618
15266975
15266977
15267220
15273701
15275955
15277723
15283264
15285491
15285492
15285506
15288046
15290977
15290992
15290997
15302106
15303339
15303340
15303342
15303347
15303348
15315684
15315687
15315688
15315691
15317186
15327120
15328231
15332280
15341160
15352232
15354192
15364361
15367116
15372798
15377882
15384358
15387362
15414931
15418185
15446440
15447719
15449174
15454539
15454549
15468502
15469998
15475392
15486701
15488760
15493274
15493275
15494641
15510552
15514472
15521462
15521646
15523505
15525407
15525424
15526796
15526797
15533788
15535465
15536484
15538370
15540465
15545388
15548287
15559148
15562689
15570611
15571131
15578989
15591346
15591402
15598029
15598712
15602544
15609551
15610403
15612278
15612282
15612285
15612352
15612571
15618307
15618348
15619988
15620395
15635394
15635410
15639345
15640008
15640076
15648151
15648210
15653561
15654112
15654115
15660932
15660943
15663255
15666342
15666751
15668357
15672596
15672668
15678745
15684581
15696743
15696751
15702540
15703041
15705826
15709034
15715831
15739260
15739312
15756421
15757674
15766711
15771088
15773939
15773952
15778935
15780500
15791534
15791535
15792227
15792230
15795850
15798193
15801615
15805009
15810740
15811384
15812143
15813780
15813784
15814738
15825754
15829294
15831572
15833132
15834006
15834698
15835261
15841438
15842482
15842499
15845824
15849017
15849023
15854681
15856696
15856710
15856789
15864917
15875001
15876579
15882955
15889754
15889915
15892747
15901460
15905103
15906648
15910332
15911585
15914649
15926683
15926684
15926694
15926703
15927424
15932399
15937139
15937789
15952655
15954499
15955364
15961461
15964213
15964488
15969719
15969727
15972455
15972457
15979950
15996717
15998728
15999144
16011001
16011579
16013061
16024696
16027210
16029476
16033116
16033561
16033878
16047739
16048778
16049486
16050109
16050110
16059927
16060497
16086835
16093657
16096901
16100054
16100055
16106261
16109850
16115370
16124255
16124425
16130463
16135118
16136801
16136803
16136812
16137599
16141700
16143608
16145677
16153813
16154627
16160821
16165704
16167978
16174295
16175455
16175456
16180199
16181522
16184494
16191628
16191630
16197561
16201233
16202095
16202098
16206552
16213165
16217597
16220609
16224715
16240632
16243693
16243698
16247698
16251522
16260771
16261733
16267821
16270688
16271974
16271979
16280539
16287626
16313454
16313461
16313469
16322508
16329242
16329245
16334341
16334344
16340451
16341006
16354130
16359270
16367830
16367835
16386398
16390543
16398144
16405595
16420690
16424257
16442136
16442749
16448405
16448411
16458946
16464490
16465524
16469369
16472770
16478634
16478946
16478947
16483646
16496691
16499693
16499697
16499699
16499704
16510788
16513223
16516881
16526506
16526507
16526511
16526517
16547116
16554013
16554818
16555198
16557341
16570069
16578205
16578248
16581267
16581499
16586086
16588791
16597855
16606734
16610324
16612336
16625828
16626704
16635308
16637503
16638008
16648994
16649657
16670990
16671009
16674567
16674582
16674588
16683705
16685213
16689900
16689906
16689913
16696655
16701463
16704993
16709756
16709910
16710306
16717384
16719348
16719359
16720399
16736191
16737639
16756072
16756073
16762034
16766641
16772594
16772599
16772600
16777077
16778888
16780436
16780521
16780527
16789839
16806990
16809836
16814879
16817532
16820860
16822760
16824041
16825167
16828228
16837213
16842420
16844819
16854418
16865742
16870684
16871029
16873965
16874618
16879356
16881521
16888332
16891775
16892975
16892979
16894353
16900317
16901841
16903483
16905873
16910979
16910983
16911205
16914385
16915930
16920616
16922243
16924403
16929652
16929655
16929664
16930606
16937433
16937806
16938842
16938939
16941651
16945512
16951071
16957989
16960009
16960022
16962160
16963434
16971579
16978472
16980300
16985190
16989992
16995614
17000737
17014740
17017071
17018432
17028333
17032063
17032266
17032272
17032274
17032727
17039506
17040380
17040396
17040401
17054490
17057240
17059108
17068261
17070787
17074044
17075830
17079948
17080365
17081264
17106127
17106944
17107473
17109325
17111628
17112970
17119551
17121599
17124304
17124320
17124768
17136579
17138866
17148389
17155952
17162958
17172633
17177697
17180122
17183073
17183474
17184368
17185349
17187224
17188398
17205129
17207343
17208231
17208932
17209998
17210008
17210019
17210020
17211516
17214269
17215142
17216551
17217351
17220008
17233815
17235015
17240728
17242862
17247278
17247290
17249339
17254995
17257106
17257116
17257118
17263119
17263302
17268187
17274303
17275345
17275872
17276527
17277080
17278841
17286317
17287528
17294429
17297128
17299695
17299698
17300430
17300431
17302982
17305823
17305831
17305859
17307044
17310403
17318673
17319954
17339267
17346848
17348915
17348936
17351916
17361174
17362330
17362337
17385412
17385533
17391270
17391272
17402987
17404327
17406681
17409061
17431326
17433011
17439609
17439610
17440734
17444895
17448584
17451404
17461045
17465896
17465905
17465929
17472911
17473868
17482187
17492973
17495349
17498229
17507678
17510332
17512155
17516125
17517124
17535878
17541829
17542850
17546759
17562372
17574783
17579879
17582108
17582138
17585142
17598535
17598545
17598563
17598564
17598745
17598755
17600185
17603105
17612773
17614901
17614904
17636411
17638507
17640504
17644960
17647081
17651187
17651196
17651198
17651200
17659361
17671843
17683440
17687247
17708680
17712429
17714289
17714302
17714313
17714502
17717705
17719190
17724672
17725570
17725573
17725623
17760980
17767188
17767423
17804337
17822540
17823243
17845435
17848372
17849021
17849861
17867604
17867845
17867856
17869108
17872904
17873965
17884982
17887972
17888463
17889459
17889575
17892466
17893743
17894563
17894754
17894811
17901933
17908166
17909257
17916262
17916717
17916732
17931402
17934797
17935828
17938857
17941840
17947421
17947435
17956388
17956900
17964215
17964627
17971084
17971088
17972639
17972644
17972646
17972651
17980594
17983366
17989051
17991841
17991861
17993749
18001819
18005154
18005156
18005159
18007624
18021199
18026889
18028179
18028515
18030723
18036395
18037656
18039327
18039883
18044454
18057256
18060507
18073782
18074018
18081717
18086038
18092993
18158609
18171387
18173502
18173507
18174434
18177707
18177709
18178894
18179513
18194473
18197246
18198416
18201742
18202384
18202839
18205780
18205783
18207084
18211878
18226492
18228130
18232397
18234526
18238784
18242866
18245838
18248672
18248752
18254821
18254824
18254826
18256655
18258776
18261185
18261899
18263967
18266625
18266630
18274499
18289498
18295542
18302690
18302691
18305340
18308715
18331459
18331635
18332681
18334202
18338149
18338917
18346122
18346128
18348764
18355184
18363664
18363973
18363979
18367505
18371016
18371203
18373588
18373626
18382477
18402135
18402144
18403607
18403712
18405915
18406421
18410533
18418895
18422532
18426889
18427839
18440091
18441543
18442407
18451213
18452573
18454198
18462270
18462319
18464590
18488138
18492644
18500027
18508748
18508749
18508750
18508751
18508752
18508753
18508755
18508756
18508757
18508758
18521125
18522917
18522918
18522919
18522920
18534351
18534946
18544961
18545265
18549768
18549770
18552283
18556863
18563309
18564509
18567724
18579473
18579480
18583278
18591625
18592688
18606000
18612278
18626922
18634788
18636282
18641955
18641956
18646197
18654738
18658235
18663994
18666525
18684137
18685571
18685572
18685865
18690059
18691261
18692156
18708598
18715266
18721273
18721781
18723640
18728782
18752612
18755760
18765360
18765631
18765849
18766201
18770737
18770740
18771921
18791233
18796461
18800373
18800995
18804966
18811665
18813328
18815893
18818627
18826665
18826937
18828780
18832195
18834509
18836146
18840272
18841199
18841813
18845358
18852900
18855099
18885742
18891440
18912281
18933674
18935415
18937038
18940770
18946115
18949489
18949506
18950274
18950531
18950721
18952738
18971351
18974398
18985977
18986973
18992007
18992084
19001428
19014094
19017263
19024017
19024692
19025320
19038278
19038350
19039138
19048494
19055565
19058531
19058532
19058534
19058629
19058630
19065271
19070150
19073553
19073555
19074311
19074312
19076276
19085233
19086547
19087108
19087181
19087958
19101057
19118889
19120997
19121542
19126528
19127967
19129501
19133937
19135177
19140442
19140962
19141413
19150836
19153792
19154385
19160834
19161471
19164662
19169751
19170675
19175500
19175508
19177123
19179764
19181054
19194415
19196458
19197064
19197466
19210924
19213708
19220450
19221799
19222750
19225493
19225811
19236932
19238711
19243366
19243512
19243513
19245393
19245675
19258432
19263087
19279629
19282901
19284590
19284675
19284703
19286889
19301639
19302349
19306044
19306934
19318497
19323799
19324629
19324832
19331666
19335901
19341339
19344383
19351074
19359570
19359589
19363126
19363144
19366404
19369265
19370089
19370091
19370456
19374913
19378399
19388601
19389174
19389236
19389979
19393242
19419666
19420928
19429853
19430915
19448344
19453728
19457189
19457190
19457191
19457196
19457197
19460158
19465505
19473395
19488828
19490077
19495872
19500253
19508411
19521055
19527499
19538343
19542496
19549137
19549350
19555501
19556486
19557337
19564601
19572807
19574371
19576924
19579711
19579983
19580879
19584006
19585245
19590966
19594390
19602446
19603230
19606542
19609611
19610445
19610453
19619197
19619198
19619226
19619965
19624726
19630983
19637685
19644760
19649261
19650322
19656303
19667135
19671130
19671836
19682141
19686263
19689939
19690967
19691874
19706923
19708217
19717430
19730700
19731208
19744120
19760836
19760890
19775075
19776058
19777311
19778540
19780975
19783981
19786121
19786620
19788521
19793202
19796149
19796152
19804402
19807906
19811651
19817226
19817852
19819977
19820043
19820058
19820059
19821045
19822002
19824932
19826746
19833002
19841095
19844266
19853055
19854995
19859525
19863582
19863717
19878500
19879021
19880752
19884661
19889722
19891626
19895556
19895687
19897630
19897636
19897642
19906681
19906840
19910941
19916869
19917041
19917764
19933102
19936060
19937057
19961584
19966129
19967400
19968638
19968694
19996431
19997124
19998751
20002231
20010959
20012083
20012101
20015620
20017671
20018771
20021561
20028619
20033990
20042051
20044166
20047733
20051985
20064268
20064999
20070459
20070520
20074385
20080432
20087389
20089539
20093136
20100218
20101738
20102517
20112867
20127546
20131941
20138222
20138225
20140236
20140239
20143638
20148956
20158928
20160760
20163542
20163608
20167331
20170065
20170319
20193213
20194169
20195481
20210830
20213223
20213357
20213533
20217179
20234386
20266735
20278190
20298473
20301855
20309587
20331778
20345669
20350300
20351771
20356354
20374490
20374792
20374884
20374885
20375320
20380175
20388922
20390347
20409176
20409296
20412933
20412946
20416382
20416792
20416795
20433520
20439285
20439744
20440269
20444301
20446207
20446208
20446210
20449804
20455292
20456221
20458966
20459554
20470387
20479144
20482794
20490601
20492086
20497152
20497277
20499101
20521107
20524951
20525569
20525634
20529364
20544268
20550576
20550636
20550800
20551040
20551437
20557650
20558016
20558718
20562357
20568617
20569426
20570850
20575362
20579289
20581288
20583654
20587049
20591845
20596907
20597281
20598770
20601006
20610405
20613815
20618591
20618891
20618903
20621244
20621759
20623163
20623331
20628417
20637048
20638486
20646117
20646166
20647504
20660092
20670415
20685701
20686351
20696903
20698769
20702454
20708236
20722282
20723711
20735563
20735568
20735572
20735738
20738508
20738603
20810445
20819161
20819165
20823260
20823339
20823902
20824294
20825653
20838662
20842190
20845024
20847270
20852079
20854277
20855573
20855924
20857713
20860655
20861574
20862225
20863897
20869378
20870040
20873014
20873236
20874762
20881031
20887304
20924163
20924399
20929833
20929847
20938796
20939859
20946534
20955800
20956611
20957730
20958812
20964753
20964758
20964783
20965327
20972702
20990874
21000101
21011740
21015617
21021075
21029236
21030645
21039495
21040036
21043780
21044056
21044192
21044199
21044349
21048082
21050294
21061991
21062972
21066454
21067625
21070177
21072570
21073437
21077373
21077970
21079940
21081968
21091659
21108639
21111472
21113106
21121913
21125776
21129972
21134475
21143330
21144061
21145916
21147759
21159004
21163594
21164461
21170579
21170743
21179064
21181353
21185377
21190065
21194122
21199024
21210123
21210879
21214653
21225429
21244433
21244536
21249177
21251111
21255664
21257559
21262862
21265614
21267006
21269376
21273464
21273465
21273689
21274900
21283795
21286933
21292978
21294799
21295829
21299662
21300271
21312177
21325021
21325093
21325740
21328364
21328451
21338353
21338810
21338823
21338825
21342302
21346809
21347223
21353195
21360012
21360686
21364694
21375636
21377618
21396126
21412359
21420243
21423759
21425094
21425095
21426430
21426433
21429120
21429168
21433010
21433046
21435063
21435245
21443648
21446189
21447341
21453352
21460568
21462351
21463294
21463697
21471306
21474315
21475960
21476990
21486372
21494682
21497864
21498653
21507504
21509452
21513166
21521193
21521395
21527822
21538195
21539556
21540576
21540637
21541803
21543715
21545302
21547066
21558020
21561950
21561964
21566151
21569136
21571684
21573165
21573986
21587303
21592212
21607666
21622853
21626436
21633715
21637755
21638933
21639918
21640954
21646786
21649765
21655247
21656300
21661335
21668551
21669458
21670172
21674123
21674186
21685078
21700571
21703299
21703774
21705749
21718658
21722117
21722225
21724343
21726331
21729051
21729052
21732068
21732319
21739624
21739625
21742775
21749474
21750261
21751155
21756366
21761130
21762376
21762432
21767319
21767355
21767436
21771138
21771139
21772289
21775340
21777320
21782438
21786673
21794180
21798358
21799900
21801259
21805273
21807117
21814545
21815987
21820620
21828989
21829751
21831252
21836185
21846752
21850575
21859447
21863052
21868630
21878471
21878985
21880092
21884058
21884059
21884060
21884061
21887236
21887242
21900263
21902744
21903679
21910629
21910845
21911389
21913311
21914783
21917044
21920976
21921181
21923775
21924158
21925614
21929767
21933220
21933295
21939538
21945053
21948202
21951906
21961920
21968730
21970706
21978073
21980539
21981354
21982852
21988698
21989384
22001026
22003577
22003846
22005420
22006558
22006805
22015159
22016434
22019315
22025450
22026603
22029186
22030727
22034167
22038989
22040744
22043835
22049691
22050383
22052625
22053056
22054424
22059383
22060632
22061426
22065441
22065447
22066696
22066758
22066802
22066874
22066935
22070232
22092687
22098106
22110617
22110767
22114359
22116807
22117418
22122075
22122234
22127146
22127147
22127502
22129838
22133215
22133683
22141890
22141902
22141904
22147591
22150822
22150868
22152499
22160517
22166845
22171696
22173461
22179194
22180069
22181659
22182048
22185356
22188332
22191572
22192396
22192449
22192477
22193037
22195462
22201163
22201165
22201167
22201171
22201174
22207500
22207624
22220877
22220878
22221325
22224544
22224901
22234606
22237778
22248094
22267000
22268859
22269008
22270240
22272977
22276540
22281208
22281356
22281357
22281364
22289206
22299373
22300709
22300852
22301089
22311711
22318238
22319150
22319157
22319894
22337505
22339701
22343488
22353244
22357936
22358041
22363668
22376243
22377396
22380433
22380442
22380446
22380548
22384052
22384069
22391653
22399720
22401177
22403004
22407586
22416212
22420218
22422974
22429757
22432468
22438944
22439812
22445824
22448746
22450667
22452271
22457639
22458210
22461899
22465227
22465485
22486696
22486697
22486700
22486705
22492489
22493687
22494472
22497436
22497510
22498810
22502937
22503758
22505345
22505625
22509325
22509795
22510309
22511945
22511953
22517859
22519779
22519782
22519785
22519786
22522156
22523127
22525498
22527838
22529936
22531794
22533976
22534282
22534749
22536161
22546274
22548254
22548328
22554891
22559965
22561394
22563125
22564443
22566086
22567665
22567857
22567871
22574364
22574669
22574758
22575840
22581340
22582810
22605985
22607228
22607276
22610600
22610656
22629155
22639804
22640880
22646779
22649079
22650383
22650435
22650446
22658324
22666481
22671540
22676974
22681397
22683263
22683537
22687652
22694106
22701745
22704387
22705483
22705969
22709577
22711559
22720007
22720969
22722851
22724511
22727018
22731769
22737081
22737092
22739003
22747896
22754378
22757960
22759293
22759294
22759295
22761593
22765844
22767551
22771752
22772508
22780882
22787728
22789868
22790000
22803802
22807664
22808040
22813593
22815714
22815975
22820021
22820383
22823479
22827312
22827586
22830331
22834165
22844069
22849298
22850699
22852831
22869069
22869630
22873779
22875578
22879983
22882351
22882458
22887346
22892937
22893688
22897961
22899358
22912370
22912471
22912481
22914947
22915674
22916031
22924335
22924917
22928300
22938057
22938774
22940151
22946801
22946804
22947037
22951227
22951733
22951738
22952761
22952781
22952802
22952958
22957866
22960212
22966762
22976014
22976015
22982157
22985886
22994153
22995895
22999251
23006678
23009648
23013483
23015629
23017079
23020560
23024047
23025408
23025611
23025615
23029233
23031571
23031599
23032815
23038446
23043795
23051150
23052825
23053948
23055063
23056315
23061480
23063781
23064780
23068991
23075065
23075843
23079828
23079983
23085677
23091154
23092992
23094076
23106700
23106701
23106702
23106717
23107066
23122156
23125210
23133405
23134303
23137011
23137299
23140535
23145178
23145542
23151822
23152818
23153625
23161736
23163531
23164450
23169562
23171501
23172857
23173981
23174131
23179860
23181719
23189033
23190404
23194003
23199184
23199201
23200834
23201319
23201534
23205821
23206125
23206130
23206322
23208250
23211568
23211787
23212328
23216542
23216892
23224590
23225250
23235701
23235702
23241161
23242933
23244693
23250587
23259499
23264056
23270181
23278939
23278980
23279645
23281212
23282063
23290415
23294019
23294099
23294288
23295323
23296784
23297111
23298144
23298448
23300785
23302051
23305496
23307319
23307743
23307901
23313769
23316439
23317363
23318988
23321773
23323997
23323998
23323999
23324000
23324001
23324002
23324003
23324004
23324005
23324006
23324007
23324008
23324009
23324010
23324011
23324012
23328281
23331146
23331370
23335333
23340600
23347448
23350616
23350634
23353072
23356081
23360106
23360326
23360354
23361219
23379646
23384812
23389776
23390597
23390985
23392505
23398073
23398610
23399316
23401941
23401943
23401946
23401948
23401949
23404178
23408809
23408913
23409175
23410054
23419942
23427657
23432089
23432510
23435177
23435642
23439033
23441849
23443762
23443763
23445827
23452302
23456345
23457528
23457564
23457605
23458291
23461327
23461335
23466890
23469157
23478821
23480788
23480828
23485917
23497136
23506395
23506623
23507027
23507430
23516545
23520511
23525445
23529279
23529408
23530594
23537689
23542615
23550338
23550747
23551461
23560984
23563621
23564941
23576780
23577089
23586609
23593487
23593513
23602631
23608032
23613924
23617920
23619741
23620828
23621868
23627222
23633142
23634969
23638182
23639891
23644050
23650365
23652564
23663028
23663090
23663115
23664914
23666163
23667549
23671421
23671704
23676655
23678653
23682915
23683021
23687167
23688182
23692215
23695379
23719114
23720549
23720715
23721457
23724909
23725752
23730762
23730771
23731157
23733530
23734209
23737327
23741381
23743033
23754232
23754418
23774068
23774747
23775276
23778233
23786305
23786327
23790014
23796598
23796636
23808695
23808879
23810063
23824223
23826223
23827501
23834466
23837902
23838539
23846110
23850508
23855797
23859471
23859595
23864253
23864282
23865455
23865985
23866625
23874420
23874914
23877658
23879300
23879327
23880535
23883573
23887893
23889543
23893740
23894140
23896141
23896154
23899338
23899809
23902427
23902912
23906599
23909817
23909914
23909947
23917737
23918384
23927410
23927539
23929583
23936199
23944628
23945982
23954756
23955061
23957862
23960128
23962255
23963733
23967185
23967281
23968234
23972494
23976979
23980714
23981167
23981957
23990883
23991667
23991882
23991936
23992554
23994490
23998762
24001221
24003144
24021403
24021406
24033162
24033173
24039607
24039724
24039910
24040084
24041592
24043293
24045475
24046279
24047714
24048928
24050727
24054911
24058509
24058926
24064110
24069369
24073449
24074175
24076241
24081832
24086393
24088438
24088562
24089341
24091946
24096056
24098353
24103005
24104748
24105438
24105440
24107536
24111567
24111606
24111665
24112986
24117334
24117466
24118420
24125654
24130775
24140980
24148003
24149076
24149657
24152220
24154535
24164457
24164708
24166815
24170363
24171729
24172717
24174114
24176323
24182431
24183450
24183670
24192316
24194870
24194888
24200563
24200565
24205793
24211530
24211546
24219413
24219811
24220087
24220089
24225458
24227044
24236604
24236610
24237338
24237450
24239514
24248386
24260411
24261446
24265807
24267392
24274675
24286821
24289254
24290816
24291091
24299396
24299397
24299405
24299519
24300650
24304922
24308649
24314843
24315684
24325145
24330234
24330452
24331621
24333918
24334485
24334486
24335312
24344097
24344138
24351034
24351094
24352947
24355404
24355788
24360809
24367536
24372605
24372872
24373504
24381182
24382700
24383802
24383808
24386079
24390013
24400483
24400515
24401327
24410379
24410899
24415954
24421898
24424165
24432329
24433570
24436197
24436199
24436206
24438305
24443879
24443885
24445420
24446300
24447270
24447664
24450287
24450302
24450716
24450982
24453842
24453988
24456931
24460929
24466077
24472213
24473807
24473933
24475782
24476670
24476815
24477163
24477594
24485672
24491102
24496009
24498914
24504187
24504629
24505119
24510946
24516397
24526311
24527666
24528586
24535895
24548010
24549580
24551195
24555796
24555798
24561482
24561597
24573251
24578571
24581268
24581355
24581479
24582737
24586194
24586371
24586418
24586475
24593190
24594094
24607994
24611487
24613306
24615031
24619087
24620775
24622197
24622972
24625862
24626131
24627034
24628745
24629771
24632377
24645631
24651406
24662750
24663183
24666469
24666600
24667007
24668503
24669720
24674242
24677595
24678642
24681265
24687986
24690543
24697866
24698548
24702958
24702983
24706597
24709401
24713164
24713825
24714691
24721934
24723419
24724945
24725969
24726155
24727800
24736784
24737782
24739199
24739201
24739348
24743238
24743386
24743563
24750170
24750456
24752200
24753154
24753572
24759973
24766947
24773151
24779396
24781152
24781803
24784768
24788603
24794582
24795995
24799243
24811066
24819139
24819964
24820228
24821620
24824066
24828576
24833277
24835963
24837623
24837793
24863459
24865602
24866941
24870312
24871093
24882097
24882819
24885008
24885807
24886257
24887417
24888437
24889818
24890734
24890737
24891255
24892552
24893999
24894511
24897994
24898707
24898754
24903212
24905986
24906427
24913446
24920013
24930628
24931730
24932746
24935168
24938182
24938753
24943366
24943509
24943893
24948510
24948730
24948738
24950065
24952720
24952777
24956106
24957707
24963649
24963708
24965021
24971792
24973777
24988113
24988857
24989079
24990680
24996909
25003336
25007657
25011626
25017969
25030894
25040456
25041755
25052435
25055975
25058282
25060271
25060488
25064099
25064116
25064734
25065953
25068209
25072732
25072813
25083790
25084281
25085671
25086001
25086615
25088552
25091377
25091548
25092376
25098711
25108259
25108748
25110198
25113393
25116844
25117358
25117606
25119530
25130206
25136088
25138643
25143094
25144162
25149251
25149252
25149255
25149256
25149257
25149333
25149337
25153458
25155509
25155716
25158807
25159111
25162450
25162694
25163510
25165120
25166595
25168260
25171419
25171608
25172230
25172685
25173837
25177934
25178652
25184569
25186076
25186793
25187972
25188587
25189246
25192492
25196892
25199513
25202870
25205028
25208037
25219305
25219384
25223395
25225394
25229553
25230246
25234578
25236450
25236451
25236452
25242002
25250657
25253456
25256008
25256206
25256664
25258256
25259573
25263542
25264208
25268856
25269625
25269694
25271423
25277785
25282412
25282421
25283736
25287724
25290445
25295521
25301270
25302639
25304546
25308955
25311415
25312688
25314225
25319242
25319289
25319559
25320773
25335559
25340786
25341523
25341767
25341783
25346210
25348174
25352540
25354994
25355474
25359314
25366860
25392475
25394718
25403189
25403530
25403722
25407001
25411372
25414094
25415967
25417008
25421851
25424842
25429466
25433083
25433288
25433367
25433761
25434332
25434341
25438171
25449043
25454494
25458221
25462454
25464652
25466514
25468608
25468701
25470283
25470285
25470286
25471342
25471905
25473019
25475933
25476822
25480701
25486780
25486798
25487326
25487340
25487986
25487987
25488503
25493934
25497816
25503746
25512534
25521865
25527032
25533031
25534232
25554526
25560557
25568356
25572225
25575437
25577126
25577796
25589488
25592117
25605223
25607952
25608883
25608885
25611516
25612643
25616143
25617768
25631927
25633263
25648385
25648921
25652221
25655399
25662095
25665641
25665720
25669608
25669609
25679225
25686609
25689670
25692300
25694156
25703061
25703195
25706373
25708087
25711309
25715474
25715871
25715968
25733067
25736158
25737238
25739313
25740855
25740889
25744822
25745097
25750230
25758010
25759142
25761998
25765198
25780854
25784471
25784473
25790447
25796323
25799102
25801258
25801302
25804486
25806968
25808860
25808887
25811081
25811084
25815478
25822261
25827410
25827466
25837893
25840841
25847086
25847706
25848968
25850972
25851958
25855650
25855651
25858121
25858430
25864837
25867408
25871511
25874617
25874895
25876837
25879826
25879925
25881167
25882833
25884158
25887184
25887297
25887562
25887635
25888417
25894314
25903086
25903102
25903227
25912226
25913644
25915059
25916158
25916499
25919195
25925097
25925738
25929355
25929788
25929999
25930106
25940369
25952703
25962316
25973902
25976359
25981069
25981071
25982153
25987248
25996870
26000439
26006188
26016873
26019187
26020169
26020177
26020180
26020866
26020869
26020961
26021439
26022241
26022492
26030766
26030974
26030976
26031568
26037653
26041358
26041359
26046351
26047191
26061111
26066794
26075479
26076900
26079599
26081018
26083354
26095719
26096191
26096550
26098372
26102479
26102558
26103945
26107178
26107893
26107894
26107897
26107898
26108141
26108606
26112107
26112701
26115931
26118639
26118997
26119745
26121240
26122335
26122483
26125733
26132782
26134314
26136297
26141702
26141727
26146165
26155926
26156129
26172034
26172861
26173469
26173834
26175313
26181664
26199370
26199859
26202835
26223605
26230080
26230311
26235070
26242753
26245778
26253600
26254713
26257113
26260653
26277640
26279345
26284513
26292844
26294133
26294189
26299202
26302948
26303298
26303785
26308154
26309306
26332664
26336070
26336224
26336253
26336296
26337548
26338376
26339867
26346824
26346922
26351296
26353396
26354607
26354934
26355005
26358989
26365616
26374208
26374501
26376739
26394124
26398139
26400299
26403600
26406931
26408356
26409202
26410933
26411611
26411612
26418155
26420437
26425933
26426979
26436586
26436732
26438193
26438937
26440090
26440153
26440301
26445985
26447358
26448651
26458526
26459378
26460161
26462237
26466572
26468006
26477438
26480916
26485525
26497140
26497949
26503101
26505536
26511499
26513426
26514639
26514872
26514945
26517268
26517373
26518361
26518481
26523561
26523562
26526544
26530038
26530538
26530994
26536281
26537671
26542312
26552380
26556694
26559354
26559951
26561027
26577954
26581657
26582842
26585825
26590609
26615027
26631280
26633648
26635010
26635309
26645200
26645643
26650583
26655782
26655987
26656955
26660683
26672747
26675452
26680200
26680994
26692346
26702043
26709243
26714190
26717048
26717252
26717418
26721604
26721624
26721896
26725236
26728717
26732144
26733662
26735142
26738752
26740136
26740143
26744403
26746107
26748267
26753356
26758188
26772750
26774058
26776586
26779592
26785614
26787267
26791702
26797896
26798450
26803184
26804051
26805717
26805755
26807748
26808290
26810081
26812306
26812309
26820991
26824073
26826668
26831347
26833728
26833790
26833858
26836441
26837057
26840428
26840484
26840487
26840557
26845347
26846524
26848540
26850834
26852568
26857437
26863005
26867760
26869489
26871930
26872773
26873156
26880148
26882317
26886800
26892684
26909625
26909906
26914395
26921238
26923908
26927475
26928435
26937625
26939017
26944916
26945783
26946238
26946360
26953740
26955052
26959681
26966908
26976438
26978779
26980343
26982327
26984610
26985949
26987528
26987725
26994291
26994861
26995720
27000833
27003742
27015516
27016828
27017528
27019445
27027737
27028080
27029637
27032100
27038113
27039512
27046418
27047655
27048372
27049301
27056443
27059098
27061282
27061719
27062071
27064931
27065120
27065148
27065253
27065256
27068498
27072619
27072624
27075252
27079465
27087435
27089811
27099397
27103004
27104744
27105397
27106273
27109644
27112713
27113272
27135995
27135999
27143241
27145036
27145221
27146680
27149933
27151764
27154249
27157133
27157597
27160605
27164458
27167078
27167914
27169157
27172190
27173200
27173206
27174252
27177931
27178465
27183798
27185765
27187689
27189549
27189551
27196872
27197225
27197551
27210493
27216933
27220308
27225934
27226144
27229878
27230814
27243207
27246100
27252023
27261251
27262163
27264883
27265401
27268100
27271732
27271820
27272669
27281853
27282112
27283044
27285680
27285682
27285683
27286413
27287407
27288348
27311647
27312694
27317893
27318700
27322321
27334284
27334379
27334831
27338278
27357267
27363388
27363593
27364539
27368375
27369453
27374572
27374779
27380029
27384049
27387730
27392517
27405686
27423515
27435605
27436548
27436732
27440664
27442252
27457669
27459054
27460445
27460499
27464950
27466110
27466971
27470580
27471287
27474484
27476599
27485592
27493253
27496060
27497114
27501004
27506180
27508496
27512145
27516345
27530602
27530694
27546575
27549177
27552184
27554772
27555653
27556458
27560369
27566100
27572906
27574183
27583548
27583553
27591172
27591368
27593534
27598461
27599575
27599576
27600556
27600616
27600966
27601580
27601582
27613570
27619511
27621132
27624801
27628130
27629033
27633750
27639480
27650469
27655945
27658575
27660255
27661077
27661465
27661785
27662427
27664202
27680916
27683368
27684552
27687930
27692499
27704539
27706783
27714796
27715412
27715417
27717311
27718237
27728911
27729433
27729448
27730636
27732753
27733110
27749980
27761773
27770466
27774596
27782117
27782217
27786142
27796282
27804120
27806045
27808355
27808386
27811955
27813203
27821433
27824859
27827390
27828980
27829374
27830371
27832155
27840256
27852220
27852941
27856860
27856861
27859297
27861520
27862535
27862550
27864157
27864892
27869687
27873385
27876095
27878919
27880780
27881749
27883252
27884108
27884993
27886369
27898896
27900827
27901265
27904152
27906993
27913636
27914620
27919229
27933518
27933524
27941144
27943337
27973618
27993704
27997046
27999113
28005961
28005972
28007976
28009485
28027292
28028083
28036146
28040775
28045981
28052326
28052394
28055138
28056785
28064190
28067606
28074845
28077086
28077772
28079133
28085186
28085945
28086785
28086786
28091568
28096428
28098850
28099777
28103815
28105680
28108418
28108552
28114306
28118391
28120863
28125957
28128366
28129396
28133829
28135247
28145502
28148817
28160340
28165062
28172670
28177078
28177836
28181519
28182234
28182695
28182701
28182737
28185903
28186104
28190270
28193727
28195213
28199674
28202807
28207793
28209763
28215207
28215573
28235066
28239874
28252178
28254474
28256062
28257492
28263772
28266719
28274764
28275143
28283406
28283407
28295029
28295812
28295830
28298429
28315830
28329425
28329743
28332651
28338049
28338099
28345808
28351703
28358589
28359994
28360394
28364265
28366817
28369492
28370658
28374524
28374672
28376731
28378497
28381622
28384842
28385712
28390096
28390408
28390909
28393365
28402331
28410018
28417969
28419266
28422135
28423007
28424518
28431021
28437577
28444733
28445722
28446700
28448837
28451769
28451838
28464090
28464109
28466411
28467464
28475225
28477267
28483999
28488356
28490748
28492967
28498959
28499351
28503905
28512346
28515207
28526698
28533374
28549194
28551196
28555947
28558648
28568242
28570015
28576862
28582394
28582546
28586142
28592669
28594822
28601905
28601969
28603223
28610271
28610726
28610729
28611437
28624945
28626946
28630911
28632344
28635581
28635966
28637254
28640892
28641508
28642270
28646171
28646188
28651661
28664980
28665949
28675651
28678883
28681105
28681409
28696217
28699276
28700625
28711665
28722748
28727024
28727195
28733712
28738780
28741794
28741850
28744900
28745028
28747533
28752635
28752916
28756554
28767659
28770687
28771477
28776645
28777875
28779574
28780097
28785033
28787689
28791680
28792510
28792677
28803842
28805893
28810861
28817082
28821188
28821797
28825469
28830007
28830337
28830831
28833786
28833876
28846600
28854179
28854624
28854627
28854794
28856768
28859637
28860320
28861869
28863171
28873409
28881955
28884814
28902188
28902189
28902471
28914350
28919205
28921508
28923541
28931071
28937808
28956100
28963084
28963514
28964523
28973714
28973716
28973863
28975612
28986535
28987005
28987006
28990671
28992021
28992031
28992310
29020918
29029204
29036290
29041900
29042011
29046402
29048573
29053357
29055150
29057976
29061123
29064063
29065907
29066469
29080371
29083404
29089248
29095514
29097397
29097725
29098691
29105878
29106819
29107154
29109225
29109277
29116665
29117263
29118129
29126215
29127028
29127030
29134710
29134711
29146930
29147969
29150608
29154221
29161480
29164741
29166859
29170277
29176771
29178175
29182676
29186474
29187631
29190344
29193550
29194600
29198471
29206218
29214649
29218717
29225026
29231989
29234169
29246108
29251774
29253197
29254920
29260653
29262786
29269931
29274055
29279398
29281152
29284545
29289354
29293783
29294010
29294404
29297842
29306562
29313263
29319911
29320479
29321367
29326479
29328538
29329459
29335572
29338053
29343565
29346618
29348587
29359877
29360831
29370238
29370301
29373745
29380403
29380454
29402192
29402926
29422546
29436499
29439210
29441361
29446152
29446831
29463695
29471451
29471487
29471805
29477182
29477383
29479689
29479840
29491444
29492749
29495006
29500409
29500604
29505737
29514536
29514967
29520982
29522515
29529422
29534232
29536406
29537370
29547802
29555296
29563231
29564705
29566070
29566204
29566647
29577500
29578575
29579574
29603471
29603473
29603507
29603731
29609661
29610216
29614345
29624756
29635715
29636446
29637641
29663588
29667570
29673012
29674434
29682673
29684059
29692350
29698497
29699502
29701821
29702219
29708978
29713088
29716547
29718495
29720079
29739323
29741708
29748278
29758274
29760079
29761415
29762711
29764660
29777168
29784979
29785626
29785904
29785917
29787716
29789312
29791436
29843598
29848649
29852253
29860336
29860467
29866053
29873759
29881903
29882067
29888428
29889268
29889854
29897805
29899129
29902247
29909474
29909776
29925962
29940087
29945242
29948633
29955054
29959774
29964059
29966912
29986760
29992542
29992561
29995860
29995897
30001499
30003537
30004608
30005602
30010804
30024954
30029803
30032166
30043988
30051861
30054462
30054960
30056805
30059505
30063702
30074659
30077451
30082918
30089797
30092589
30094770
30094772
30101494
30101975
30102363
30105964
30107415
30111595
30111606
30114267
30117205
30117211
30121341
30125229
30127083
30135116
30135579
30150218
30150744
30161134
30165456
30166467
30174184
30176949
30177778
30181603
30184067
30184140
30185248
30192806
30194777
30209213
30218774
30218775
30219997
30226838
30230092
30238436
30240427
30247661
30252024
30257042
30258107
30265339
30272243
30280470
30286121
30289448
30290142
30290764
30292694
30296602
30297245
30305017
30310089
30313819
30317685
30321345
30325564
30332580
30333190
30342094
30344120
30346552
30346959
30348471
30348758
30353936
30364966
30367138
30374044
30387553
30391315
30394177
30395223
30397892
30402909
30404868
30415505
30415845
30415848
30417098
30421480
30423111
30423438
30426270
30427096
30443825
30445533
30447117
30451144
30452700
30453060
30456532
30460805
30462223
30463174
30468939
30471158
30477602
30478305
30478374
30485577
30485593
30486085
30486792
30486907
30487255
30497399
30503619
30510159
30514408
30517664
30520198
30526763
30527987
30530433
30541055
30554295
30554444
30554901
30555064
30561150
30561512
30562610
30563976
30565183
30566487
30571751
30575761
30578555
30582761
30582763
30586357
30592461
30593611
30594123
30597080
30597549
30597557
30599087
30609055
30614583
30620918
30621090
30622362
30630408
30633410
30647070
30651079
30651571
30655011
30667065
30668724
30668806
30668807
30670540
30673782
30675016
30675905
30697003
30703512
30710250
30714281
30718614
30723102
30724419
30726939
30731120
30737699
30738921
30739372
30742734
30753744
30763376
30778564
30779390
30779894
30785187
30785873
30788506
30790662
30793690
30802596
30808690
30808889
30813911
30815854
30819106
30821247
30826132
30826414
30831270
30833746
30844445
30844654
30850275
30854422
30854632
30859222
30867523
30868715
30869176
30873614
30875370
30883990
30886391
30894575
30894593
30900533
30911140
30911146
30912970
30914785
30916749
30931536
30940019
30941825
30941840
30953063
30955213
30957216
30962479
30970275
30971230
30973935
30974200
30978477
30979924
30981557
30981810
30986215
30990845
30990882
31001729
31002340
31004483
31014219
31016921
31018611
31028398
31038678
31059513
31063272
31064578
31064822
31065875
31066895
31077330
31077339
31082541
31092672
31094596
31094604
31098610
31103297
31106462
31109665
31109677
31109679
31111501
31115461
31115935
31119559
31121309
31123344
31124236
31124266
31127969
31128294
31128665
31132090
31133085
31134559
31142287
31146685
31147589
31148172
31148539
31154615
31159900
31160321
31162735
31163991
31170522
31170912
31180510
31182608
31183883
31185871
31187878
31188085
31198971
31216075
31221994
31222711
31222847
31241133
31242252
31250895
31251352
31251662
31252069
31254307
31261751
31263177
31271004
31276779
31283886
31288705
31291291
31294488
31298415
31299090
31327746
31329312
31330265
31331524
31331664
31332852
31334832
31335870
31336389
31340859
31343745
31348816
31349392
31350316
31360994
31362306
31382709
31382876
31385608
31385638
31388098
31392804
31395920
31397015
31397238
31406024
31406125
31411773
31413332
31422419
31426753
31430391
31431737
31449539
31460594
31462216
31462597
31467277
31472242
31473935
31475374
31478269
31488593
31495012
31495015
31499416
31506510
31509301
31510061
31514926
31518372
31520778
31521227
31529046
31532019
31541560
31546973
31548062
31549466
31553763
31556159
31557214
31562767
31569787
31574568
31576405
31578218
31579957
31580481
31582777
31591747
31600219
31604220
31610016
31610818
31613878
31615394
31615417
31618728
31619530
31624180
31626669
31631475
31634425
31635393
31640510
31643124
31644831
31646976
31649058
31654247
31657750
31659024
31661830
31662140
31672890
31677317
31678151
31678154
31683165
31684869
31688934
31697367
31702050
31703819
31711699
31712446
31714577
31715776
31715954
31719522
31721325
31727202
31728830
31729753
31730167
31733084
31733860
31736171
31738105
31746098
31749119
31767631
31767914
31768539
31775606
31776830
31779581
31782555
31782869
31785627
31792228
31796733
31797888
31802121
31808016
31821500
31825513
31833594
31834960
31837265
31841515
31844110
31847493
31850499
31858644
31859363
31863605
31869285
31872482
31873961
31880313
31883002
31898502
31902732
31906912
31911289
31915057
31925943
31930401
31935281
31935504
31935616
31952837
31959276
31961956
31963231
31964309
31971303
31972460
31981776
31981876
31999598
32001098
32001746
32008786
32015099
32019276
32019492
32027643
32034410
32034818
32040756
32050672
32050971
32065932
32069366
32070783
32071323
32072855
32076722
32080922
32081854
32090268
32092860
32096898
32105516
32115687
32126384
32131722
32141510
32143300
32144657
32145112
32150782
32161229
32164699
32165145
32168321
32187652
32188850
32191917
32193310
32193328
32193338
32196651
32197080
32198397
32203248
32203250
32205865
32213581
32218506
32218563
32219392
32222765
32234650
32241514
32242610
32242998
32243568
32246724
32246837
32249338
32252420
32255231
32259470
32259503
32265042
32267552
32271764
32281135
32281707
32283137
32300150
32304782
32307159
32307168
32307539
32307707
32317160
32324964
32329070
32339225
32344327
32348505
32352977
32353869
32356723
32358487
32363821
32364989
32364999
32376704
32378756
32380284
32380569
32384152
32385288
32385382
32386531
32393253
32396551
32396671
32397617
32400355
32409461
32409469
32415216
32418257
32420852
32420857
32424970
32434538
32437543
32439378
32449753
32449755
32450817
32451423
32457140
32468077
32468189
32469663
32470029
32472616
32482916
32486979
32487519
32493902
32494067
32502497
32505020
32512717
32537736
32552104
32552108
32554752
32555579
32557887
32557903
32563876
32573833
32585004
32586981
32594654
32597950
32610346
32614437
32614820
32615399
32616020
32617579
32618549
32620168
32629209
32630818
32640559
32640744
32642764
32643822
32645117
32654084
32654225
32654635
32654638
32654639
32654640
32654643
32654644
32654645
32654646
32654648
32656771
32680852
32684478
32687347
32689915
32694629
32697880
32700189
32710544
32713354
32716054
32719467
32725191
32727375
32729710
32730707
32732887
32733067
32736657
32741005
32741378
32741722
32749631
32752983
32758535
32761846
32762053
32763908
32764757
32772372
32776511
32781979
32785065
32785293
32791012
32799334
32804328
32805450
32811433
32811877
32813993
32815552
32817010
32820532
32847507
32851555
32854139
32862491
32862500
32868803
32882754
32883209
32885824
32896393
32896397
32896978
32900317
32901021
32902377
32912160
32915803
32928902
32939895
32941615
32945036
32960399
32970464
32978270
32978888
32984949
32986826
32991991
33001152
33008290
33010421
33011776
33020910
33022409
33031928
33033187
33033188
33035303
33035618
33040235
33044996
33045051
33045123
33053414
33056400
33059065
33063411
33065008
33065760
33069132
33070222
33075065
33075164
33076404
33077108
33078392
33078844
33083884
33093479
33097824
33099197
33104266
33110153
33118222
33119635
33123817
33128700
33130298
33139555
33140895
33143577
33146441
33149174
33151306
33155980
33158416
33159350
33160038
33162078
33162080
33165944
33168740
33180915
33184654
33185248
33197206
33199832
33211716
33215684
33222357
33226701
33230574
33231252
33233744
33239791
33246017
33248549
33251632
33259111
33262284
33263746
33270638
33273670
33277437
33277491
33285552
33293003
33296112
33300154
33305796
33306808
33309769
33311237
33313883
33316089
33330984
33338052
33338297
33339498
33340100
33345324
33345772
33346918
33352068
33357053
33358793
33386250
33407075
33409648
33412336
33414559
33416414
33417249
33420922
33421613
33433903
33438262
33448526
33449362
33460491
33465111
33476334
33484012
33484875
33486128
33491225
33499169
33500483
33502469
33502512
33503281
33503316
33509089
33512509
33514314
33522042
33522059
33530376
33531484
33536637
33539375
33539434
33541267
33542477
33543399
33544762
33547183
33547240
33556445
33559786
33560334
33561246
33567735
33573986
33579188
33580546
33583438
33589637
33590352
33591327
33595645
33599779
33602840
33615597
33617525
33621244
33622987
33624366
33627270
33635911
33638185
33638258
33639853
33667233
33676012
33682305
33683354
33683369
33687566
33706381
33707470
33707514
33710276
33715082
33720472
33724183
33724409
33726589
33727708
33740255
33755682
33757348
33765250
33766854
33770290
33772348
33773793
33780561
33784744
33785802
33786930
33787889
33798670
33798671
33814139
33818793
33823537
33837278
33846476
33846972
33854233
33863805
33866809
33870499
33892099
33892509
33908624
33913250
33922932
33927228
33940197
33940217
33944950
33945524
33947235
33948708
33951239
33965348
33971659
33972659
33979028
33980851
33984467
33989147
33990600
34000621
34001609
34003535
34003536
34010315
34011285
34019308
34029313
34031924
34042240
34043234
34043665
34047388
34052412
34057349
34058971
34071462
34078888
34082131
34091960
34095864
34097806
34101168
34101832
34101940
34106815
34109613
34111145
34114757
34128981
34131199
34145663
34155138
34155221
34156702
34156712
34160853
34165082
34167831
34171993
34174967
34181791
34182923
34187197
34188193
34214665
34219316
34228843
34238593
34244609
34251678
34260873
34261131
34270060
34274905
34282738
34284721
34288183
34294692
34297361
34302471
34304588
34304589
34304590
34320197
34325161
34330836
34343280
34346866
34347907
34349207
34352227
34356100
34365254
34379829
34381033
34390061
34390528
34392838
34398919
34401776
34401979
34402351
34403309
34405789
34407243
34410426
34413384
34413506
34416971
34424906
34437743
34440410
34446741
34455644
34460102
34462578
34463356
34465621
34496767
34503796
34504218
34532915
34535850
34538008
34547149
34549890
34551724
34568926
34569622
34570954
34573311
34579539
34585803
34590319
34599646
34605924
34607719
34609013
34614231
34626500
34645427
34648583
34651306
34651368
34653197
34656096
34661811
34662480
34665825
34669811
34669915
34680881
34681811
34687315
34694633
34699520
34699656
34705282
34708408
34716342
34716489
34726699
34729903
34742238
34748608
34757543
34774982
34779079
34784086
34787114
34788634
34791169
34791177
34794091
34807291
34810501
34811819
34822565
34825374
34828377
34830012
34838703
34839224
34845798
34849860
34854282
34864964
34865004
34865126
34875196
34877658
34882877
34903755
34919547
34920792
34921614
34933341
34941866
34944084
34955460
34974802
34991488
34999784
35007278
35031862
35034210
35034394
35034406
35039029
35039663
35041294
35043504
35044465
35052355
35052393
35058358
35060806
35063578
35063691
35078356
35083752
35084503
35085234
35087079
35090071
35100357
35115659
35119505
35131423
35132636
35134952
35137061
35139072
35139131
35143577
35143649
35148321
35165897
35166383
35169847
35175894
35175897
35180227
35189365
35191134
35192705
35199866
35205227
35210577
35220007
35236890
35236892
35243721
35257790
35263484
35264717
35266277
35273382
35276387
35292868
35300740
35304756
35318662
35320043
35323995
35327953
35344560
35346375
35347435
35354852
35356979
35358199
35358607
35359311
35363317
35365873
35387581
35390944
35396350
35411988
35418567
35430616
35445454
35451025
35451778
35468163
35506223
35510780
35513577
35535495
35545526
35560840
35562745
35567785
35577289
35577299
35580224
35597966
35616528
35627195
35627298
35652207
35653484
35665558
35665777
35666817
35666863
35673860
35686912
35695020
35696612
35703474
35705918
35715515
35726533
35726584
35730153
35737986
35742949
35751487
35764791
35765936
35778920
35781330
35797649
35802354
35802833
35803997
35809049
35810974
35821279
35830473
35830478
35830488
35830913
35835786
35838313
35852484
35855603
35858381
35858444
35862708
35876798
35885951
35895848
35905404
35905819
35909234
35913373
35918341
35918515
35926022
35939508
35946151
35948368
35951007
35951524
35951680
35966096
35969752
35977961
35986208
36042170
36064759
36067042
36070315
36082413
36085112
36089267
36095612
36097356
36097357
36100845
36103006
36111705
36117267
36142426
36142769
36150200
36163579
36171715
36176071
36181444
36194004
36197923
36205362
36210646
36210655
36214081
36228022
36229647
36251538
36251882
36260189
36261548
36279607
36302769
36305309
36317644
36333595
36336233
36350203
36351770
36357207
36357993
36357996
36368917
36376792
36382373
36400614
36409147
36423776
36449261
36458574
36458894
36494489
36516402
36518293
36520025
36520892
36524936
36525098
36538502
36553455
36562771
36574824
36575919
36585442
36585503
36592743
36611022
36622778
36626801
36626818
36633454
36636892
36653591
36670351
36715204
36717742
36721300
36725960
36729243
36747071
36749496
36753531
36762996
36811388
36815841
36852727
36855846
36864639
36869752
36897325
36920978
36927601
36927660
36932324
36967628
36976804
36977978
36980887
36994802
36995901
37000122
37014784
37018461
37019898
37030001
37046402
37055650
37071601
37078907
37080398
37106116
37107533
37120113
37130925
37134171
37147111
37173822
37186031
37192670
37198480
37208829
37216769
37218348
37222024
37222025
37246351
37256776
37257491
37260390
37262139
37262187
37264039
37267641
37269793
37270656
37279331
37306282
37313778
37318126
37329885
37340246
37354886
37363874
37369962
37384768
37391025
37399402
37407574
37448145
37459050
37459230
37459357
37467472
37487052
37490942
37493080
37531273
37543640
37545126
37548862
37550348
37552932
37558883
37565770
37573319
37578977
37587034
37592315
37596954
37607185
37607469
37611647
37628575
37632589
37641298
37646944
37667646
37668190
37676707
37679493
37681637
37704581
37723359
37725326
37738317
37756341
37761952
37764457
37769091
37769441
37801684
37803296
37803553
37804132
37811741
37813941
37815113
37820407
37823401
37833744
37848246
37851812
37855673
37856563
37861454
37872774
37880367
37884616
37888514
37891624
37901459
37914934
37916530
37930936
37933543
37935117
37935118
37935661
37940810
37943781
37943918
37944799
37952134
37952215
37955779
37966172
37969057
37971888
37980335
37980751
37987553
37991585
38018527
38047388
38059374
38062365
38063369
38071646
38082037
38085288
38085448
38091398
38097935
38123735
38127200
38146909
38151330
38151331
38156703
38167733
38184848
38191516
38193599
38194125
38195012
38200310
38203295
38205506
38227592
38235507
38253415
38259665
38265544
38268487
38279695
38280202
38302071
38306464
38308460
38316551
38332537
38334273
38335664
38358807
38361120
38366566
38381279
38381553
38385302
38401921
38407543
38411307
38412545
38416051
38416119
38422273
38422274
38422279
38429502
38438186
38465471
38471598
38480699
38489387
38490748
38493988
38501394
38501929
38503503
38503505
38509263
38509782
38513020
38518250
38530643
38538522
38551023
38558123
38561484
38565992
38566006
38577768
38589008
38593845
38596226
38597146
38597343
38597487
38599591
38609462
38613916
38620029
38628124
38632397
38632416
38634332
38634872
38648483
38655668
38664326
38669235
38682794
38682799
38683160
38685096
38687376
38688047
38695290
38702576
38702980
38704835
38713987
38715452
38718200
38727686
38736286
38745070
38747342
38750354
38753474
38776329
38780141
38785347
38795738
38805070
38807159
38807214
38809057
38829848
38832792
38833792
38842022
38847182
38847234
38848633
38857341
38865496
38872025
38874390
38874633
38886565
38889778
38891872
38891980
38894638
38896617
38900077
38902865
38913571
38913610
38927587
38928441
38941083
38945748
38950856
38954732
38956457
38959276
38972281
38982014
38991054
38994921
39004014
39011558
39025776
39031116
39037492
39039226
39042151
39045689
39050384
39053674
39059119
39060266
39062724
39085635
39090316
39091224
39092475
39098897
39103025
39110094
39119885
39127724
39140143
39140829
39150220
39150953
39155287
39158559
39164428
39168725
39172766
39173216
39186811
39188071
39191906
39192633
39196789
39206888
39207257
39212263
39212586
39218870
39218960
39223116
39258972
39266673
39270765
39271153
39273685
39278383
39289187
39291545
39291549
39302159
39304189
39304524
39304843
39314041
39324636
39324637
39325673
39333551
39333615
39347890
39348074
39348592
39357646
39373324
39374851
39382524
39383135
39390578
39393302
39395420
39401185
39404090
39404100
39408892
39414017
39414099
39422702
39432669
39441922
39460951
39465507
39468736
39468751
39468759
39471808
39476008
39482528
39485793
39500321
39501046
39501127
39511258
39513938
39514314
39514674
39519466
39526447
39533215
39543938
39552210
39553712
39565864
39568264
39584304
39584442
39585909
39585918
39596559
39600208
39601270
39604462
39607704
39613758
39617802
39625805
39625887
39631249
39636486
39639649
39645625
39646364
39657129
39657576
39658084
39661207
39666856
39670534
39670717
39670962
39672157
39673211
39673750
39673751
39688644
39689880
39689975
39698833
39699136
39701062
39707709
39708295
39715207
39717932
39718489
39725181
39729020
39746557
39773355
39774243
39790455
39791197
39791299
39791300
39791935
39794180
39803902
39805347
39814885
39823524
39824898
39840979
39841166
39844274
39856092
39856096
39858616
39858649
39869437
39870630
39878237
39880407
39884276
39895489
39913379
39921600
39927483
39939943
39946306
39952679
39956873
39962554
39965774
39978712
39979829
39985752
39992157
39999770
39999788
40004011
40019745
40035353
40036303
40036403
40038604
40043590
40047944
40050733
40063818
40076713
40100798
40105693
40106345
40106883
40108138
40108360
40111469
40119296
40123256
40128107
40130889
40132772
40135482
40140599
40163477
40163525
40165365
40167159
40167806
40181623
40188977
40192294
40197214
40199000
40200048
40204765
40208017
40209170
40219608
40219663
40223094
40233189
40234714
40241380
40243218
40251250
40253500
40273056
40273282
40275158
40275719
40279692
40298045
40302418
40303808
40305402
40315712
40315967
40319376
40327225
40331485
40333178
40349752
40350540
40367567
40369069
40369157
40371671
40379730
40389805
40393267
40393488
40402806
40411745
40426007
40432307
40434076
40451165
40464348
40464353
40471698
40476322
40476711
40478281
40490629
40492297
40494361
40495472
40504893
40507846
40523419
40526311
40526780
40527332
40539441
40542721
40569321
40576974
40579882
40581366
40581594
40583235
40592295
40592422
40593879
40596029
40600648
40602404
40616421
40619538
40619829
40627406
40632502
40637207
40637731
40638753
40640709
40646444
40650490
40650499
40650889
40652044
40678896
40696823
40707291
40712024
40719218
40720651
40720655
40728922
40731170
40736517
40741949
40765455
40773459
40773803
40780993
40781179
40787782
40787783
40790730
40795368
40799055
40813608
40813862
40816262
40816440
40818188
40818505
40827595
40833417
40839725
40849437
40857881
40860673
40865665
40875800
40889342
40911294
40912504
40934278
40934317
40934327
40957570
40958577
40962993
40970348
40976956
40984799
40994021
40998788
41006719
41014826
41017914
41018896
41022816
41025860
41032325
41037637
41043702
41044913
41065126
41070993
41082661
41084207
41084984
41088751
41092607
41094714
41100596
41120237
41121281
41124015
41126048
41128995
41129226
41131451
41131726
41137457
41139382
41144686
41151755
41168690
41168972
41171938
41174872
41178461
41186771
41200310
41205251
41215585
41225009
41236164
41250886
41257818
41258824
41271722
41272042
41272644
41287918
41290173
41291185
41299225
41303632
41308810
41327877
41346306
41348106
41379753
41398926
41416353
41430479
41472618
41499456
41516010
41538075
41538077
41538078
41538079
41538084
41538085
41558476
41562419
41618622
